,Tweet
0,they need give lot aiims in fact aiims necessarytheyll need better highways better road con
1,they need give lot aiims in fact aiims necessarytheyll need better highways better road con
2,they need give lot aiims in fact aiims necessarytheyll need better highways better road con
3,chhattisgarh need b blood aiims hospital call bloodaid via boghivenkatesh cc raipurcity varwand
4,besurataansane a leading rheumatologist amp endocrinologist delhi also charging something
5,aiims central key peak economic reason blore
6,they need give lot aiims in fact aiims necessarytheyll need better highways better road con
7,they need give lot aiims in fact aiims necessarytheyll need better highways better roa
8,reason kannadgas low prescence iits aiims iims
9,if want become doctor achieve dream completely okay i seen guys
10,our heartfelt congratulations anurag samantaray asish mohapatra ayush mohapatra kiit school
11,aiims delhi many brahmins work sanitary workers
12,everything gets close around ppl prefer aiims delhi pgi bhai mere batchmates kh
13,i pay appointment aiims bhubaneswar successfully paid
14,neemgi drkushals drdattaaiims pbmci people dont know every patient go private hospita
15,at kpims agra prioritize wellbeing offering topnotch treatments supported cuttingedge technolo
16,neet pg counselling start immediately aiims ini cet exam faima chairman inicet
17,five died age profile first second waves india low lymphocyte count notable
18,q afmc procedurea to filled time registration mccq aiims jipmera seats to filled mccgood luck
19,chhattisgarh need b blood aiims hospital call bloodaid via boghivenkatesh cc raipurcity varwand
20,this inform post graduate medical students taxfree please refer letter ca
21,our heartfelt congratulations anurag samantaray asish mohapatra ayush mohapatra kiit school
22,smt rekha arya minister women amp child development govt uttarakhand inspires youth insightful words
23,during visit aiims rishikesh distributed nutrition kits nikshay mitra yojana tuberculosis patients we
24,mayneed bve blood donorsat aiims hospitalcall via boghivenkatesh cc raipurcity icansavelife
25,drericding medicine remove side effects negative impact tre
26,i know removed medicines but doses ml mlwhy mlvaccinedeathsvaccinegen
27,smt rekha arya minister women amp child development govt uttarakhand inspires youth insightfu
28,chhattisgarh need b blood aiims hospital call bloodaid via boghivenkatesh cc raipurcity varwand
29,chhattisgarh need b blood aiims hospital call bloodaid via boghivenkatesh cc raipurcity varwand
30,chhattisgarh need b blood aiims hospital call bloodaid via boghivenkatesh cc raipurcity varwand
31,chhattisgarh need b blood aiims hospital call bloodaid via boghivenkatesh cc raipurcity varwand
32,when ssr nail clippings finger swabs hair samples collected cooper aiims claimed ssr
33,why cbi holding aiims panel accountable information leaks ongoing investigation random reporters
34,a patient complained harrasment terms treatment aiims bhubaneswarimmediate step taken treat
35,why cbi holding aiims panel accountable information leaks ongoing investigation random reporters
36,when ssr nail clippings finger swabs hair samples collected cooper aiims claimed ssr
37,drgupta told loopholes pm report made cooper hospital amp contamination crime sceneaiims
38,why dr sudhir gupta made uturn strangulation suicide aiims didnt body examineadeq
39,kumraj bisnujha bjpbihar mansukhmandviya gopaljeebjp sanjayjhabihar pmoindia darbhangarocks darbhangalive
40,near aiims
41,during consultation aiims rishilesh inaugurated millet cafe the superfood inspire people
42,oo intellectual fyi modi govt never built temple using public tax money modi govt built aiims iits
43,our heartfelt congratulations anurag samantaray asish mohapatra ayush mohapatra kiit school
44,a millets cake cut mos health family welfaredr bharti pawar inauguration millets cafe aiims ris
45,our pm needs immediate medical help pls look aiimsnewdelhi rdasjh medanta fortishospital
46,during visit aiims rishikesh distributed nutrition kits nikshay mitra yojana tuberculosis patients we
47,is baar aiims hi target rhega
48,hii every one im inform some information great well known medical institutions like s
49,during visit aiims rishikesh distributed nutrition kits nikshay mitra yojana tuberculosis patients we
50,i dont think aiims consider book give ques ini after giving todays paper park easy aachi book lagi
51,our heartfelt congratulations anurag samantaray asish mohapatra ayush mohapatra kiit school
52,chhattisgarh need b blood aiims hospital call bloodaid via boghivenkatesh cc raipurcity varwand
53,oo intellectual fyi modi govt never built temple using public tax money modi govt built aiims iits
54,dear citizens india while see aiims amp apollos around primary health care facilities
55,doctanyaa aiims assuring get roller coaster ride brain hrsthis aiims kinda amusement park
56,during visit aiims rishikesh distributed nutrition kits nikshay mitra yojana tuberculosis patients we
57,during visit aiims rishikesh distributed nutrition kits nikshay mitra yojana tuberculosis patients we
58,annamalaik namma oor madurai aiims welcomes you
59,during visit aiims rishikesh distributed nutrition kits nikshay mitra yojana tuberculosis patients we
60,a glimpse acute neuro care course conducted aiims jodhpur may amp interactive sessions
61,visited aiims new delhi ascertain health wellbeing hakim zahoor ahmed sahab baghwanpora zadibal
62,during consultation aiims rishilesh inaugurated millet cafe the superfood inspire people
63,hii every one im inform some information great well known medical institutions like s
64,devladpura drvinayaiims drdhruvchauhan dundarajodhpur drvipinyogi aiimsu poem
65,a millets cake cut mos health family welfaredr bharti pawar inauguration millets cafe aiims ris
66,chhattisgarh need b blood aiims hospital call bloodaid via boghivenkatesh cc raipurcity varwand
67,drvinayaiims drdhruvchauhan dundarajodhpur drvipinyogi aiimsu poem
68,ashveda drcheruvarun madmanweb ptinews people like rush hospital whe
69,rmksys waiting
70,with preeti right longest surviving cadaveric cardiac transplant recipient aiims since yrs
71,bhopal metro phase purple linekarond circle aiimslength kmdepot subhash nagar underpass jinsinumber st
72,top medical entrance exams india neet aiims jipmer
73,our heartfelt congratulations anurag samantaray asish mohapatra ayush mohapatra kiit school
74,chhattisgarh need b blood aiims hospital call bloodaid via boghivenkatesh cc raipurcity varwand
75,tinydhillon spokespersonmod nbirensingh adgpi officialdgar pibimphal glad see heal
76,mayneed bve blood donorsat aiims hospitalcall via boghivenkatesh cc raipurcity icansavelife
77,chhattisgarh need b blood aiims hospital call bloodaid via boghivenkatesh cc raipurcity varwand
78,mayneed bve blood donorsat aiims hospitalcall via boghivenkatesh cc raipurcity icansavelife
79,five died age profile first second waves india low lymphocyte count notable
80,mayneed bve blood donorsat aiims hospitalcall via boghivenkatesh cc raipurcity icansavelife
81,two days learning neurological emergencies including transcranial doppler acute neuro care many thanks
82,gave neet exams todayit didnt go i expectedwith score i eligible chaprasi seat
83,youth consultation aiims rishikeshby yasministry india
84,politicians boycott aiims in emergency case go ayurved clinic
85,chhattisgarh need b blood aiims hospital call bloodaid via boghivenkatesh cc raipurcity varwand
86,hybrid education way forward undergraduate postgraduate medical education aiims delhiread ani story
87,neemgi drkushals drdattaaiims pbmci if u ever feel doc done wrong u please go cour
88,pimp govt built aiims iits iims iiits km national high
89,when ssr nail clippings finger swabs hair samples collected cooper aiims claimed ssr
90,when ssr nail clippings finger swabs hair samples collected cooper aiims claimed ssr
91,neemgi drkushals drdattaaiims pbmci also proud u r feeling saying word kutai
92,our heartfelt congratulations anurag samantaray asish mohapatra ayush mohapatra kiit school
93,with preeti right longest surviving cadaveric cardiac transplant recipient aiims since yrs
94,during consultation aiims rishilesh inaugurated millet cafe the superfood inspire people
95,our heartfelt congratulations anurag samantaray asish mohapatra ayush mohapatra kiit school
96,why cbi holding aiims panel accountable information leaks ongoing investigation random reporter
97,bjp give aiims coastal karnatakacoastal kannadiga loyalty bjp astonishing
98,neemgi drkushals drdattaaiims pbmci no doctor represent god please treat us
99,during visit aiims rishikesh distributed nutrition kits nikshay mitra yojana tuberculosis patients we
100,dont worry aiims dekhi confirmed
101,mayneed bve blood donorsat aiims hospitalcall via boghivenkatesh cc raipurcity icansavelife
102,chhattisgarh need b blood aiims hospital call bloodaid via boghivenkatesh cc raipurcity varwand
103,two days learning neurological emergencies including transcranial doppler acute neuro care man
104,during visit aiims rishikesh distributed nutrition kits nikshay mitra yojana tuberculosis patients we
105,chhattisgarh need b blood aiims hospital call bloodaid via boghivenkatesh cc raipurcity varwand
106,oo intellectual fyi modi govt never built temple using public tax money modi govt built aiims iits
107,hi there is aiims badsha aiims delhi do aiims office timing am one lady nam
108,oo intellectual fyi modi govt never built temple using public tax money modi govt built aiims iits
109,during visit aiims rishikesh distributed nutrition kits nikshay mitra yojana tuberculosis patients we
110,our heartfelt congratulations anurag samantaray asish mohapatra ayush mohapatra kiit school
111,encouraging skills among medical students integral part training ms sinhasumita amp mr
112,during consultation aiims rishilesh inaugurated millet cafe the superfood inspire people
113,facility started aiimsdeoghar narendrakarora president aiims deoghar inaugurated services drsaurabh
114,during visit aiims rishikesh distributed nutrition kits nikshay mitra yojana tuberculosis patients we
115,chhattisgarh need b blood aiims hospital call bloodaid via boghivenkatesh cc raipurcity varwand
116,amazing discussion tribalhealth national summit tribal health deogharaiims prof nk arora
117,drgupta told loopholes pm report made cooper hospital amp contamination crime sceneaiims
118,why dr sudhir gupta made uturn strangulation suicide aiims didnt body examineadeq
119,mayneed bve blood donorsat aiims hospitalcall via boghivenkatesh cc raipurcity icansavelife
120,chhattisgarh need b blood aiims hospital call bloodaid via boghivenkatesh cc raipurcity varwand
121,a millets cake cut mos health family welfare bharti pawar inauguration millets cafe
122,vijaykulange cmoodisha garbage dumping yard near aiims bhubaneshwar sir difficult breath
123,during visit aiims rishikesh distributed nutrition kits nikshay mitra yojana tuberculosis patients we
124,during visit aiims rishikesh distributed nutrition kits nikshay mitra yojana tuberculosis patients
125,during consultation aiims rishilesh inaugurated millet cafe the superfood inspire people
126,mayneed bve blood donorsat aiims hospitalcall via boghivenkatesh cc raipurcity icansavelife
127,our heartfelt congratulations anurag samantaray asish mohapatra ayush mohapatra kiit school
128,patna alumnuss sunday health camps provide free care k villagersread
129,narendramodi incindia taking commission still made many psu iitiim aiims roads airports railways
130,chikuss oh god aiims pakka
131,mayneed bve blood donorsat aiims hospitalcall via boghivenkatesh cc raipurcity icansavelife
132,we delighted announce aiims bathinda successfully performed cabg surgery mr gurcharan singh
133,dr arwind rajwanshi ed aiims raebareli discuss vital role sports promoting youth wellbeing y con
134,aiims delhi loading kya
135,mayneed bve blood donorsat aiims hospitalcall via boghivenkatesh cc raipurcity icansavelife
136,during consultation aiims rishilesh inaugurated millet cafe the superfood inspire people
137,hi gautami biggest fan years today i want request help
138,chhattisgarh need b blood aiims hospital call bloodaid via boghivenkatesh cc raipurcity varwand
139,our heartfelt congratulations anurag samantaray asish mohapatra ayush mohapatra kiit school
140,with preeti right longest surviving cadaveric cardiac transplant recipient aiims since yrs
141,chhattisgarh need b blood aiims hospital call bloodaid via boghivenkatesh cc raipurcity varwand
142,mayneed bve blood donorsat aiims hospitalcall via boghivenkatesh cc raipurcity icansavelife
143,chhattisgarh need b blood aiims hospital call bloodaid via boghivenkatesh cc raipurcity varwand
144,congress busy building universitiescollegesschools steel plants hydrothermalnuclear plants dams roads railwaysbr
145,mayneed bve blood donorsat aiims hospitalcall via boghivenkatesh cc raipurcity icansavelife
146,during consultation aiims rishilesh inaugurated millet cafe the superfood inspire people
147,oo intellectual fyi modi govt never built temple using public tax money modi govt built aiims iits
148,oo intellectual fyi modi govt never built temple using public tax money modi govt built aiims iits
149,kishore bisoi urology department rd floor cbed hdu blood grp baiims raipurcontact
150,congress busy building universitiescollegesschools steel plants hydrothermalnuclear plants dams roads railwaysbr
151,our view type gorakhpur
152,mayneed bve blood donorsat aiims hospitalcall via boghivenkatesh cc raipurcity icansavelife
153,our heartfelt congratulations anurag samantaray asish mohapatra ayush mohapatra kiit school
154,chhattisgarh need b blood aiims hospital call bloodaid via boghivenkatesh cc raipurcity varwand
155,ansarik narendramodi newsindia aeee kattar muslamansunnnteri aukaat bas jumlebaaji sunne k
156,mayneed bve blood donorsat aiims hospitalcall via boghivenkatesh cc raipurcity icansavelife
157,bineetmishra ani everything available iit iim aiims students
158,with preeti right longest surviving cadaveric cardiac transplant recipient aiims since yrs
159,discussed indigenous cart cancer treatment dr atul sharma sir amp dr ranjit ranjitksmd ai
160,participated y consultations organized aiims rishikesh addressed young vibrant minds g
161,our heartfelt congratulations anurag samantaray asish mohapatra ayush mohapatra kiit school
162,pls give cut ophthalmology aiims
163,mayneed bve blood donorsat aiims hospitalcall via boghivenkatesh cc raipurcity icansavelife
164,mayneed bve blood donorsat aiims hospitalcall via boghivenkatesh cc raipurcity icansavelife
165,mayneed bve blood donorsat aiims hospitalcall via boghivenkatesh cc raipurcity icansavelife
166,mayneed bve blood donorsat aiims hospitalcall via cc raipurcity icansavelife bloodmatters
167,theliverdr the aim make money helpless hope seeking patienti referred pgims
168,dr arwind rajwanshi ed aiims raebareli discuss vital role sports promoting youth wellbeing y con
169,during consultation aiims rishilesh inaugurated millet cafe the superfood inspire people
170,chhattisgarh need b blood aiims hospital call bloodaid via boghivenkatesh cc raipurcity varwand
171,broo going aiims
172,during consultation aiims rishilesh inaugurated millet cafe the superfood inspire people
173,during consultation aiims rishilesh inaugurated millet cafe the superfood inspire people
174,agree lot done ayurveda need build facility like aiims shall gl
175,chhattisgarh need b blood aiims hospital call bloodaid via boghivenkatesh cc raipurcity varwand
176,during consultation aiims rishilesh inaugurated millet cafe the superfood inspire people
177,narendramodi incindia taking commission still made many psu iitiim aiims roads airports railways
178,aiims may recall q not feature addisona hyperkalemia b hyponatremia c hypocalcemia d eosinophi
179,this inform post graduate medical students taxfree please refer letter ca
180,chhattisgarh need b blood aiims hospital call bloodaid via boghivenkatesh cc raipurcity varwand
181,our heartfelt congratulations anurag samantaray asish mohapatra ayush mohapatra kiit school
182,chhattisgarh need b blood aiims hospital call bloodaid via boghivenkatesh cc raipurcity varwand
183,chhattisgarh need b blood aiims hospital call bloodaid via boghivenkatesh cc raipurcity varwand
184,chhattisgarh need b blood aiims hospital call bloodaid via boghivenkatesh cc raipurcity varwand
185,chhattisgarh need b blood aiims hospital call bloodaid via boghivenkatesh cc raipurcity varwand
186,narendramodi mansukhmandviya mohfwindia who first teach nursing staff what diet fol
187,congress busy building universitiescollegesschools steel plants hydrothermalnuclear plants dams roads
188,chhattisgarh need b blood aiims hospital call bloodaid via boghivenkatesh cc raipurcity varwand
189,chhattisgarh need b blood aiims hospital call bloodaid via boghivenkatesh cc raipurcity varwand
190,chhattisgarh need b blood aiims hospital call bloodaid via boghivenkatesh cc raipurcity varwand
191,chhattisgarh need b blood aiims hospital call bloodaid via boghivenkatesh cc raipurcity varwand
192,chhattisgarh need b blood aiims hospital call bloodaid via boghivenkatesh cc raipurcity varwand
193,chhattisgarh need b blood aiims hospital call bloodaid via boghivenkatesh cc raipurcity varwand
194,narendramodi incindia taking commission still made many psu iitiim aiims roads airports railways
195,chhattisgarh need b blood aiims hospital call bloodaid via boghivenkatesh cc raipurcity varwand
196,our heartfelt congratulations anurag samantaray asish mohapatra ayush mohapatra kiit school
197,chhattisgarh need b blood aiims hospital call bloodaid via boghivenkatesh cc raipurcity varwand
198,chhattisgarh need b blood aiims hospital call bloodaid via boghivenkatesh cc raipurcity varwand
199,chhattisgarh need b blood aiims hospital call bloodaid via boghivenkatesh cc raipurcity varwand
200,ini bas radio derma med nhi peds surgery ortho optho sab ini many aii
201,chhattisgarh need b blood aiims hospital call bloodaid via boghivenkatesh cc raipurcity varwand
202,chhattisgarh need b blood aiims hospital call bloodaid via boghivenkatesh cc raipurcity varwand
203,chhattisgarh need b blood aiims hospital call bloodaid via boghivenkatesh cc raipurcity varwand
204,chhattisgarh need b blood aiims hospital call bloodaid via boghivenkatesh cc raipurcity varwand
205,chhattisgarh need b blood aiims hospital call bloodaid via boghivenkatesh cc raipurcity varwand
206,chhattisgarh need b blood aiims hospital call bloodaid via boghivenkatesh cc
207,i unable reach diagnosis selected option full faith aiims
208,my current situation
209,our heartfelt congratulations anurag samantaray asish mohapatra ayush mohapatra kiit school
210,our heartfelt congratulations anurag samantaray asish mohapatra ayush mohapatra kiit school
211,drvinayaiims drdhruvchauhan dundarajodhpur drvipinyogi aiimsu rip legend i without bd chaurasia
212,pooja neemgi drkushals drdattaaiims pbmci this problem public every murderers represent
213,azithromycin mitigates lung oxidative stress inflammation amp necroptosis upregulating si ppar amp nrfho
214,azithromycin mitigates lung oxidative stress inflammation amp necroptosis upregulating si ppar amp nrfho
215,coincidentally aiims ug time bagal priya baithi thi aur inicet bhiand
216,our heartfelt congratulations anurag samantaray asish mohapatra ayush mohapatra kiit school
217,azithromycin mitigates lung oxidative stress inflammation amp necroptosis upregulating si ppar amp nrfho
218,our heartfelt congratulations anurag samantaray asish mohapatra ayush mohapatra kiit school
219,azithromycin mitigates lung oxidative stress inflammation amp necroptosis upregulating si ppar amp nrfho
220,pooja pbmci santosh drkushals drdattaaiims is public supposed go r legally licensed
221,drgupta told loopholes pm report made cooper hospital amp contamination crime sceneaiims
222,why dr sudhir gupta made uturn strangulation suicide aiims didnt body examineadeq
223,our heartfelt congratulations anurag samantaray asish mohapatra ayush mohapatra kiit school
224,aiimsdelhi celebrates lung transplant success aiimsdelhi celebrates lun healthcarenews
225,aiimsdelhi celebrates lung transplant success aiimsdelhi celebrates lun healthcarenews
226,dr arwind rajwanshi ed aiims raebareli discuss vital role sports promoting youth wellbeing y con
227,oo intellectual fyi modi govt never built temple using public tax money modi govt built aiims iits
228,today neet exam i getting marks get aiims delhi college
229,today neet exam i getting marks get aiims delhi college neetug
230,our heartfelt congratulations anurag samantaray asish mohapatra ayush mohapatra kiit school
231,youth consultation aiims rishikeshby yasministry india
232,dr arwind rajwanshi ed aiims raebareli discuss vital role sports promoting youth wellbeing y con
233,our heartfelt congratulations anurag samantaray asish mohapatra ayush mohapatra kiit school
234,had great time y consultation health wellness sports aiims rishikesh happy part pane
235,dr arwind rajwanshi ed aiims raebareli discuss vital role sports promoting youth wellbeing y con
236,our heartfelt congratulations anurag samantaray asish mohapatra ayush mohapatra kiit school
237,why dr sudhir gupta leak the aiims report to selective media why suddenly take uturnipsnupurpras
238,drvinayaiims drdhruvchauhan dundarajodhpur drvipinyogi aiimsu he made inital medical days easier
239,oo intellectual fyi modi govt never built temple using public tax money modi govt built aiims iits
240,how ug doctors manipur download admit card fly guwahati exam
241,saptagiriulaka agrimasrivast prernasrivasta parulaggarwal bloodconnectorg blooddonorsin
242,rnb i gave exams branded overconfident usme se bhi exams afmc aiims i
243,i gave exams branded overconfident usme se bhi exams afmc aiims i zero chance
244,narendramodi incindia refer fact data many iit aiims airport made how many new r
245,narendramodi incindia taking commission still made many psu iitiim aiims roads airports railways
246,our heartfelt congratulations anurag samantaray asish mohapatra ayush mohapatra kiit school
247,dear citizens india while see aiims amp apollos around primary health care facilities
248,drgupta told loopholes pm report made cooper hospital amp contamination crime sceneaiims
249,why dr sudhir gupta made uturn strangulation suicide aiims didnt body examineadeq
250,narendramodi incindia taking commission still made many psu iitiim aiims roads airports railways
251,kishore bisoi urology department rd floor cbed hdu blood grp baiims raipurcontact
252,honoured invited panel members discuss nutrition tribal health national summit tribal healt
253,one gets experience actually come face face complete manthe whole rooms air becomes heav
254,our heartfelt congratulations anurag samantaray asish mohapatra ayush mohapatra kiit school
255,kishore bisoi urology department rd floor cbed hdu blood grp baiims raipurcontact
256,how many universities medical colleges amp oth educational institutions honble
257,hybrid education way forward undergraduate postgraduate medical education aiims delhiread ani story
258,dr arwind rajwanshi ed aiims raebareli discuss vital role sports promoting youth wellbeing y con
259,our heartfelt congratulations anurag samantaray asish mohapatra ayush mohapatra kiit school
260,aiimsnewdelhi aiimsnd srinivasaiims mansukhmandviya pmoindia narendramodi in aiims delhieast campus temporary r
261,oo intellectual fyi modi govt never built temple using public tax money modi govt built aiims iits
262,dr arwind rajwanshi ed aiims raebareli discuss vital role sports promoting youth wellbeing y con
263,incindia taking commission still made many psu iitiim aiims roads airports rai
264,our heartfelt congratulations anurag samantaray asish mohapatra ayush mohapatra kiit school
265,how tough get md general medicine aiims delhi neetpg
266,from ftii to aiims patna list of jobs to apply for this weeknews
267,there several government organisations currently hiring the ones opened recruitment
268,dr arwind rajwanshi ed aiims raebareli discuss vital role sports promoting youth wellbeing y con
269,drgupta told loopholes pm report made cooper hospital amp contamination crime sceneaiims
270,why dr sudhir gupta made uturn strangulation suicide aiims didnt body examineadeq
271,dear citizens india while see aiims amp apollos around primary health care facilities
272,to get daily updates neet pg nextpg ini cet fmge aiims pg goto
273,drgupta told loopholes pm report made cooper hospital amp contamination crime sceneaiims
274,why dr sudhir gupta made uturn strangulation suicide aiims didnt body examineadeq
275,sr post vacancies at aiims gorakhpur view all details here aiimsgkp aiims
276,our heartfelt congratulations anurag samantaray asish mohapatra ayush mohapatra kiit school
277,drgupta told loopholes pm report made cooper hospital amp contamination crime sceneaiims
278,why dr sudhir gupta made uturn strangulation suicide aiims didnt body examineadeq
279,our heartfelt congratulations anurag samantaray asish mohapatra ayush mohapatra kiit school
280,dr arwind rajwanshi ed aiims raebareli discuss vital role sports promoting youth wellbeing
281,sr post vacancies at aiims gorakhpur view all details here
282,our heartfelt congratulations anurag samantaray asish mohapatra ayush mohapatra kiit school
283,our heartfelt congratulations anurag samantaray asish mohapatra ayush mohapatra kiit school
284,drvinayaiims drdhruvchauhan dundarajodhpur drvipinyogi aiimsu i guarantee every indian
285,aiims ini ss result steps check
286,drgupta told loopholes pm report made cooper hospital amp contamination crime sceneaiims
287,why dr sudhir gupta made uturn strangulation suicide aiims didnt body examineadeq
288,the marks strangulation hanging different i performing autopsies nearly years roopkumar s
289,drgupta told loopholes pm report made cooper hospital amp contamination crime sceneaiims
290,jithend aiims bibi nagar every parliament constituency sanctioned one medical college telangana hasnt
291,why dr sudhir gupta made uturn strangulation suicide aiims didnt body examineadeq
292,hybrid education way forward ug pg medical education aiims delhi
293,hybrid education way forward undergraduate postgraduate medical education aiims delhi
294,todays inicet psm questions aiims aiimsexam neetpg
295,why dr sudhir gupta leak the aiims report to selective media why suddenly take uturnipsnupurpras
296,our heartfelt congratulations anurag samantaray asish mohapatra ayush mohapatra kiit school
297,patna alumnuss sunday health camps provide free care k villagersread
298,hybrid education way forward undergraduate postgraduate medical education aiims delhi ethealthworld
299,aiims raipur registration process for admission to phd program to end on nd may check details
300,drgupta told loopholes pm report made cooper hospital amp contamination crime sceneaiims
301,why dr sudhir gupta made uturn strangulation suicide aiims didnt body examineadeq
302,day y aiims whirlwind captivating events from thoughtprovoking panel discussions showcasing c
303,drgupta told loopholes pm report made cooper hospital amp contamination crime sceneaiims
304,why dr sudhir gupta made uturn strangulation suicide aiims didnt body examineadeq
305,our heartfelt congratulations anurag samantaray asish mohapatra ayush mohapatra kiit school
306,dear citizens india while see aiims amp apollos around primary health care facilities
307,day y consultation streaming lineup exceptional speakers engaging sessions get ready
308,drgupta told loopholes pm report made cooper hospital amp contamination crime sceneaiims
309,why dr sudhir gupta made uturn strangulation suicide aiims didnt body examineadeq
310,rainbowhospital horrible amp terrifying act rainbow hospitals must
311,horrible amp terrifying act rainbow hospitals must take necessary action
312,our heartfelt congratulations anurag samantaray asish mohapatra ayush mohapatra kiit school
313,hybrid education way forward undergraduate postgraduate medical education aiims delhi hybrid education
314,gentleman claims former consultant aiimsyet peddles dangerous advice
315,highways toilets vande bharat expressways airports iits aiims chenab bridge atal tunnel border roads upi g
316,pov you way face exam worked hard aiims mbbs medical biology doctor ne
317,aiims ini ss result declared result pdf
318,aiims may recall q not feature addisona hyperkalemia b hyponatremia c hypocalcemia d eosinophi
319,aiims
320,oo intellectual fyi modi govt never built temple using public tax money modi govt built aiims iits
321,our heartfelt congratulations anurag samantaray asish mohapatra ayush mohapatra kiit school
322,our heartfelt congratulations anurag samantaray asish mohapatra ayush mohapatra kiit school
323,i would like inform mother facing cancer problems my mother condition critical
324,sir besides health care institute like aiims name autonomous started targeting nursi
325,i would like inform mother facing cancer problems my mother condition criticalso i came
326,the newly elected rda meets director aiims bhubaneswar formal introduction members a
327,i would like inform mother facing cancer problems my mother condition criticalso i came
328,would like inform mother facing cancer problems my mother condition critical
329,hybrid education way forward ug pg medical education aiims delhi
330,our heartfelt congratulations anurag samantaray asish mohapatra ayush mohapatra kiit school
331,aiims ini ss result declared result pdf
332,todays inicet psm questions aiims aiimsexam neetpg
333,todays inicet psm questions aiims aiimsexam neetpg
334,pov you way face exam worked hard aiims mbbs medical biology doctor ne
335,year old photo father treatment cancer delhi aiims
336,oo intellectual fyi modi govt never built temple using public tax money modi govt built aiims iits
337,drvinayaiims drdhruvchauhan dundarajodhpur drvipinyogi aiimsu his book complicated shitty
338,our heartfelt congratulations anurag samantaray asish mohapatra ayush mohapatra kiit school
339,youth consultation aiims rishikeshby yasministry india
340,youth consultation aiims rishikeshby india
341,santosh pooja neemgi drkushals drdattaaiims oh come onthere number definitely otherwise
342,pooja neemgi drkushals drdattaaiims pbmci this problem public every murderers represent
343,our heartfelt congratulations anurag samantaray asish mohapatra ayush mohapatra kiit school
344,santosh pooja neemgi drkushals drdattaaiims oh come onthere number definitely otherwise
345,pooja neemgi drkushals drdattaaiims oh come onthere number definitely
346,new india aiming for more aiims the number aiims increased three times pm narendramodi
347,oo intellectual fyi modi govt never built temple using public tax money modi govt built aiims iits
348,pooja neemgi drkushals drdattaaiims pbmci this problem public every murderers represent
349,aiims ini ss result declared result pdf
350,our heartfelt congratulations anurag samantaray asish mohapatra ayush mohapatra kiit school
351,our heartfelt congratulations anurag samantaray asish mohapatra ayush mohapatra kiit school
352,oo intellectual fyi modi govt never built temple using public tax money modi govt built aiims iits
353,neemgi drkushals drdattaaiims pbmci this problem public every murderers represen
354,five died age profile first second waves india low lymphocyte count notable
355,went give aiims exam sneaking inside shirts we make country safer wom
356,our heartfelt congratulations anurag samantaray asish mohapatra ayush mohapatra kiit school
357,oo intellectual fyi modi govt never built temple using public tax money modi govt built aiims iits
358,five died age profile first second waves india low lymphocyte count notable
359,drgupta told loopholes pm report made cooper hospital amp contamination crime sceneaiims
360,why dr sudhir gupta made uturn strangulation suicide aiims didnt body examineadeq
361,many jee amp neet aspirants commit suicide disappointed feel guilty getting
362,join us ultimate live paper solution neet ug get precise solution live stream sta
363,drgupta told loopholes pm report made cooper hospital amp contamination crime sceneaiims
364,why dr sudhir gupta made uturn strangulation suicide aiims didnt body examineadeq
365,five died age profile first second waves india low lymphocyte count notable
366,why dr sudhir gupta leak the aiims report to selective media why suddenly take uturnipsnupurpras
367,kindly request exam section instruct exam centers turn airconditioners exam halls
368,devladpura drvinayaiims drdhruvchauhan dundarajodhpur drvipinyogi aiimsu rip dr bd chaurasiano doctor last fe
369,devladpura drvinayaiims drdhruvchauhan dundarajodhpur drvipinyogi aiimsu i read book med
370,facility started aiimsdeoghar narendrakarora president aiims deoghar inaugurated services drsaurabh
371,myogiadityanath pmoindia aiimsu faimaindia fordaindia chulbulpanda drdattaaiims
372,with preeti right longest surviving cadaveric cardiac transplant recipient aiims since yrs
373,pov you way face exam worked hard aiims mbbs medical biology doctor ne
374,why dr sudhir gupta leak the aiims report to selective media why suddenly take uturnipsnupurpras
375,with preeti right longest surviving cadaveric cardiac transplant recipient aiims since yrs
376,im late wish u luck hope u get result u want maybe aiims delhi
377,hello medtwitterhow inicet exam aiims inicet neetpg neetpg neetpg mbbs
378,our heartfelt congratulations anurag samantaray asish mohapatra ayush mohapatra kiit school
379,aiims kalyani vacancy apply online senior resident posts more info
380,imagine aiims doctor bullying people internet dont yall take oath something
381,our heartfelt congratulations anurag samantaray asish mohapatra ayush mohapatra kiit school
382,five died age profile first second waves india low lymphocyte count notable
383,expanding access quality healthcare number aiims all india institutes medical sciences
384,five died age profile first second waves india low lymphocyte count notable
385,with preeti right longest surviving cadaveric cardiac transplant recipient aiims since yrs
386,cids kerala chapterid friday may pm pm extrapulmonary tb module guest honour dr manish sonej
387,brijdutt ani himantabiswa bjpkarnataka nothing except iits aiims etc made bengal
388,our heartfelt congratulations anurag samantaray asish mohapatra ayush mohapatra kiit school
389,hello medtwitterhow inicet exam aiims inicet neetpg neetpg neetpg mbbs
390,there iit indore amp iim indore good institutionsaiims amp iiser still struggle lack facu
391,girl didnt heard aiims
392,hybrid education way forward ug pg medical education aiims delhi
393,vsjind eatalarajender aiims promised bifurcation act i also asking question how come eete
394,hybrid education way forward ug pg medical education aiims delhi
395,amazing discussion tribalhealth national summit tribal health deogharaiims prof nk arora
396,hello medtwitterhow inicet exam aiims inicet neetpg neetpg neetpg mbbs
397,hello medtwitterhow inicet exam aiims inicet neetpg neetpg neetpg mbbs
398,marinebharat two wishes aiims type hospitals every ls constituency minimum create one every two years o
399,our heartfelt congratulations anurag samantaray asish mohapatra ayush mohapatra kiit school
400,aiims bibi nagar every parliament constituency sanctioned one medical college telangana hasnt given proposal
401,hello medtwitterhow inicet exam aiims inicet neetpg neetpg neetpg mbbs
402,five died age profile first second waves india low lymphocyte count notable
403,hello medtwitterhow inicet exam aiims inicet neetpg neetpg neetpg
404,amazing discussion tribalhealth national summit tribal health deogharaiims prof nk arora
405,celebrates lungtransplant success recipient yearold woman surviving year transpl
406,hagemarupapa rawatanil despite what he says not single aiims set up under pm modi is fully f
407,five died age profile first second waves india low lymphocyte count notable
408,hagemarupapa rawatanil where aiims paper whatsapp university
409,hybrid education way forward ug pg medical education aiims delhi
410,new india aiming for more aiims the number aiims increased three times pm narendramodi
411,how ug doctors download admit card internet connection manipur ho
412,our heartfelt congratulations anurag samantaray asish mohapatra ayush mohapatra kiit school
413,expanding access quality healthcare number aiims all india institutes medical sciences
414,pooja pbmci santosh drkushals drdattaaiims is public supposed go r legally licensed
415,aiims cheapest hospital india so president pay hospital expenses expenses
416,under able guidance leadership honble director surekhakishore maam deptt dermatology organised cme amp works
417,ppandeymr aiims cheapest hospital india so president pay hospital expenses
418,sir n myogiofficebecause private schools giving good results schools displaying
419,drvinayaiims drdhruvchauhan dundarajodhpur drvipinyogi aiimsu rip dr bd chaurasiano doctor
420,new india aiming for more aiims the number aiims increased three times pm narendramodi
421,encourage parents caregivers educators healthcare providers take action support childrens ment
422,may th observed dedicated raising awareness importance p
423,expanding access quality healthcare number aiims all india institutes medical sciences
424,our heartfelt congratulations anurag samantaray asish mohapatra ayush mohapatra kiit school
425,pooja pbmci santosh drkushals drdattaaiims is public supposed go r legally licensed
426,pov you way face exam worked hard aiims mbbs medical biology
427,pbmci santosh drkushals drdattaaiims is public supposed go r legally licensed
428,highways amp bridges new railway projectsstadiumssuper speciality hospitalsmost indian households wit
429,from auto driver doctor aiims safdarjung railway
430,friends know auto driver doctor aiims safdarjung street vendor iasips officer wi
431,sbi manager set ablaze security guard retired army personnel repeated discriminatory behaviourmuhammad owai
432,from auto drivers doctors aiims safdarjung street vendors iasips officers respect
433,from auto drivers doctors aiims safdarjung street vendors iasips officers respect
434,from auto drivers doctors aiims safdarjung everyone deserves respect including iasips officers pl
435,from auto drivers doctors aiims safdarjung street vendors iasips officers respect
436,ttei every
437,our heartfelt congratulations anurag samantaray asish mohapatra ayush mohapatra kiit school
438,our heartfelt congratulations anurag samantaray asish mohapatra ayush mohapatra kiit school
439,give iim set old citygive kv school set old citygive medical college set old city
440,amazing discussion tribalhealth national summit tribal health prof nk ar
441,oo intellectual fyi modi govt never built temple using public tax money modi govt built aiims iits
442,our heartfelt congratulations anurag samantaray asish mohapatra ayush mohapatra kiit school
443,drvinayaiims drdhruvchauhan dundarajodhpur drvipinyogi aiimsu i read book
444,national summit tribal healthlink live streaming
445,this inform post graduate medical students taxfree please refer letter ca
446,our heartfelt congratulations anurag samantaray asish mohapatra ayush mohapatra kiit school
447,our heartfelt congratulations anurag samantaray asish mohapatra ayush mohapatra kiit school
448,our heartfelt congratulations anurag samantaray asish mohapatra ayush mohapatra kiit school
449,neet pg counselling start immediately aiims ini cet exam faima chairman neetpg f
450,this inform post graduate medical students taxfree please refer letter ca
451,honble tribal affairs goi yesterday announced deogharaiims centre excellence trib
452,our heartfelt congratulations anurag samantaray asish mohapatra ayush mohapatra kiit school
453,neet pg counselling start immediately aiims ini cet exam faima chairman
454,aiims ini ss result released know check httpstcocmznajmdkc
455,in yet another crime surfaced national capital saturday minor boy killed another sustain
456,oo intellectual fyi modi govt never built temple using public tax money modi govt built aiims iits
457,hybrid education way forward ug pg medical education aiims delhi
458,a new stateofart surgical robotics training centre set come aiims delhi it first centr
459,sanjraj upma shashitharoor vezhamukhan gopaleetrilokhnathsanjay jivadra congi hypocrites remainwith
460,oo intellectual fyi modi govt never built temple using public tax money modi govt built aiims iits
461,our heartfelt congratulations anurag samantaray asish mohapatra ayush mohapatra kiit school
462,recruitment fee nightmare and typewriting part qualifica
463,otw aiims getting neet
464,from auto driver doctor aiims safdarjung street vendor iasips officer
465,great achievement aiimsrblbest case award dr ankit gupta ankitbusy ap dept cardiology given aepc associati
466,from auto driver doctor aiims safdarjung street vendor iasips officer
467,from auto drivers doctors aiims safdarjung street vendors iasips officers respect
468,from auto driver doctor aiims safdarjung street vendor iasips officer
469,from auto drivers doctors aiims safdarjung everyone deserves respect including iasips officers pl
470,there would respect everyone including auto drivers aiims safdarjung doctors street vendors iasips
471,there would respect everyone even auto drivers doctors aiims safdarjung iasips officers
472,from auto drivers doctors aiims safdarjung everyone deserves respect including iasips officers pl
473,from auto driver doctor aiims safdarjung street vendor iasips officer honored
474,ii moon ooout mool tu p i u l
475,hybrid education way forward undergraduate postgraduate medical education study aiimsnewdelhi
476,ankitbusy narendramodi mansukhmandviya drbharatippawar mohfwindia congratulations big brother
477,it honour spend moments executive director maam dr surekhakishore
478,besurataansane i done lasik surgery sbk mumbaicost kmy brother aiims contoura visio
479,i done lasik surgery sbk mumbaicost kmy brother aiims contoura v
480,a warm welcome pm karnataka your governments commitment tripling number aiims
481,patna alumnuss sunday health camps provide free care k villagersread
482,oo intellectual fyi modi govt never built temple using public tax money modi govt built aiims iits
483,aiims patna alumnuss sunday health camps provide free care k villagers alumnuss bihar camps care
484,oo intellectual fyi modi govt never built temple using public tax money modi govt built aiims iits
485,the first aiims built you surprised know second aiims built atalji
486,drravikhandal drkaranjuneja jardsmsjaipur fordaindia faimaindia aiimsnewdelhi imaindiaorg
487,congress doesnt talk long took make nd aiims india it took almost years the congress
488,why didnt u tag mansukhmandviya denied securityhe responsiblehe health ministerits h
489,with due respecthow come foolish statement why unrest start
490,this inform post graduate medical students taxfree please refer letter ca
491,santosh neemgi drkushals drdattaaiims license necessary doctors open hospital pr
492,our heartfelt congratulations anurag samantaray asish mohapatra ayush mohapatra kiit school
493,why dr sudhir gupta made uturn strangulation suicide aiims didnt body examineadeq
494,drgupta told loopholes pm report made cooper hospital amp contamination crime sceneaiims
495,oo intellectual fyi modi govt never built temple using public tax money modi govt built aiims iits
496,send raipurraipur aiims
497,aiimsnewdelhi officeofmm day this quack shalimar bagh max hospital management shame
498,jagograhakjago consumerreports mohfwindia aiimsnewdelhi delhigovdigital arvindkejriwal thi
499,long awaited demands kosi region needed dralokranjanbjp ministernsbablu narendramodi sa
500,five died age profile first second waves india low lymphocyte count notable
501,sbi manager set ablaze security guard retired army personnel repeated discriminatory behaviourmuhammad owai
502,why dr sudhir gupta leak the aiims report to selective media why suddenly take uturnipsnupurpras
503,marinebharat two wishes aiims type hospitals every ls constituency minimum create one every two years o
504,sbi manager set ablaze security guard retired army personnel repeated discriminatory behaviourmuhammad owai
505,five died age profile first second waves india low lymphocyte count notable
506,aiims ini ss result released know check iniss aiims
507,rahulgandhi ji thats development happening indiaaiimsiimsiitsinfrastructuretunnelairports
508,drgupta told loopholes pm report made cooper hospital amp contamination crime sceneaiims
509,why dr sudhir gupta made uturn strangulation suicide aiims didnt body examineadeq
510,oo intellectual fyi modi govt never built temple using public tax money modi govt built aiims iits
511,five died age profile first second waves india low lymphocyte count notable
512,drravikhandal drkaranjuneja jardsmsjaipur fordaindia faimaindia aiimsnewdelhi imaindiaorg
513,this inform post graduate medical students taxfree please refer letter ca
514,oo intellectual fyi modi govt never built temple using public tax money modi govt built aiims iits
515,give iim set old citygive kv school set old citygive medical college set old city
516,our heartfelt congratulations anurag samantaray asish mohapatra ayush mohapatra kiit school
517,hybrid education way forward undergraduate postgraduate medical education aiims delhiread ani story
518,oo intellectual fyi modi govt never built temple using public tax money modi govt built aiims iits
519,pooja santosh neemgi drkushals drdattaaiims the system licensing needs b done away v say
520,hybrid education way forward undergraduate postgraduate medical education study aiimsnewdelhi
521,thanks i saw pic aiims medicine group missed meeting
522,why dr sudhir gupta leak the aiims report to selective media why suddenly take uturnipsnupurpras
523,drgupta told loopholes pm report made cooper hospital amp contamination crime sceneaiims
524,why dr sudhir gupta made uturn strangulation suicide aiims didnt body examineadeq
525,pooja santosh neemgi drkushals drdattaaiims the system licensing needs b done away v say
526,pmoindia pmnewsnigeria nitishkumar aiims saharsa
527,to get daily updates neet pg nextpg ini cet fmge aiims pg goto
528,congress doesnt talk long took make nd aiims india it took almost years the congress
529,while aiims rishikesh inaugurated geriatric ward eye bank these facilities enhance servi
530,sksamy thanthitv superglue used seal wounds its international surgical practice why
531,jpnadda nine years lived caves we made fire striking stones wore animal hides
532,at aiims patna today voice called name i turned find elderly muslim man his first words
533,with preeti right longest surviving cadaveric cardiac transplant recipient aiims since yrs
534,congress doesnt talk long took make nd aiims india it took almost years the congress
535,our heartfelt congratulations anurag samantaray asish mohapatra ayush mohapatra kiit school
536,santosh neemgi drkushals drdattaaiims the system licensing needs b done away befor
537,neet pg counselling start immediately aiims ini cet exam faima chairman inicet
538,aiims adds seats for norcet details allindiainstituteofmedicalsciences norcet nursingofficerrec
539,drgupta told loopholes pm report made cooper hospital amp contamination crime sceneaiims
540,why dr sudhir gupta made uturn strangulation suicide aiims didnt body examinea
541,where aiims swept carpet in let us sweep aside dastardly incumbent
542,oo intellectual fyi modi govt never built temple using public tax money modi govt built aiims iits
543,delhi aiims celebrates lung transplant success
544,rotatory headship delay irks pgi aiims via
545,our heartfelt congratulations anurag samantaray asish mohapatra ayush mohapatra kiit school
546,participated y consultations organized aiims rishikesh addressed young vibrant minds g
547,five died age profile first second waves india low lymphocyte count notable
548,oo intellectual fyi modi govt never built temple using public tax money modi govt built aiims iits
549,speaknaimisha dr tushar studied aiims delhi university hostelcampus you get
550,drrahulbhargav mansukhmandviya ianilradadiya dghsindia drkaranjuneja drpriyankadutt anantbhan arin art
551,oo intellectual fyi modi govt never built temple using public tax money modi govt built aiims iits
552,srivasrbmrccoi ramapriya bjpkarnataka bengaluru sub urban metro snail p
553,our heartfelt congratulations anurag samantaray asish mohapatra ayush mohapatra kiit school
554,our heartfelt congratulations anurag samantaray asish mohapatra ayush mohapatra kiit school
555,five died age profile first second waves india low lymphocyte count notable
556,our heartfelt congratulations anurag samantaray asish mohapatra ayush mohapatra kiit school
557,this inform post graduate medical students taxfree please refer letter ca
558,this inform post graduate medical students taxfree please refer letter ca
559,our heartfelt congratulations anurag samantaray asish mohapatra ayush mohapatra kiit school
560,facility started aiimsdeoghar narendrakarora president aiims deoghar inaugurated services drsaurabh
561,drkaranjuneja jardsmsjaipur fordaindia faimaindia aiimsnewdelhi imaindiaorg lapsurgeon
562,oo intellectual fyi modi govt never built temple using public tax money modi govt built aiims iits
563,hybrid education way forward undergraduate postgraduate medical education study
564,marinebharat two wishes aiims type hospitals every ls constituency minimum create one every two years o
565,medical genetics department pgich noida timely referral opinion experts must rare disorders
566,narendrakarora drsaurabh now r feeling maybe work big institute like
567,neemgi drkushals drdattaaiims pbmci how u decidewhich one god murderermay
568,sbi manager set ablaze security guard retired army personnel repeated discriminatory behaviourmuhamm
569,oo intellectual fyi modi govt never built temple using public tax money modi govt built aiims iits
570,drvinayaiims drdhruvchauhan dundarajodhpur drvipinyogi aiimsu chaurasia book anatomy greys anatomy
571,our heartfelt congratulations anurag samantaray asish mohapatra ayush mohapatra kiit school
572,wishing best neet exam trust stay focused may success good luck
573,marinebharat two wishes aiims type hospitals every ls constituency minimum create one every two years o
574,jbbhalke devladpura drvinayaiims drdhruvchauhan dundarajodhpur drvipinyogi aiimsu his books trained atleast
575,where aiims swept carpet in let us sweep aside dastardly incumbent
576,oo intellectual fyi modi govt never built temple using public tax money modi govt built aiims iits
577,oo intellectual fyi modi govt never built temple using public tax money modi govt built aiims iits
578,marinebharat two wishes aiims type hospitals every ls constituency minimum create one every two years o
579,marinebharat two wishes aiims type hospitals every ls constituency minimum create one every two years o
580,oo intellectual fyi modi govt never built temple using public tax money modi govt built aiims iits
581,aiims adds seats for norcet details allindiainstituteofmedicalsciences norcet
582,it absolute pleasure deliver guest lecture today topic facial anatomy taken care
583,under able guidance leadership honble director surekhakishore maam deptt dermatology organised cme amp works
584,oo intellectual fyi modi govt never built temple using public tax money modi govt built aiims iits
585,under able guidance leadership honble director maam deptt dermatology organised c
586,facility started aiimsdeoghar narendrakarora president aiims deoghar inaugurated services drsaurabh
587,honble tribal affairs goi yesterday announced deogharaiims centre excellence trib
588,blame amygdala makes yearbook indian poetry english i avid haibuner
589,with preeti right longest surviving cadaveric cardiac transplant recipient aiims since yrs
590,new robotic surgery training centre aiims transform healthcare experts robotics robots
591,yes bjp saying jai bajarang bali after laying express highways constructing new airports renov
592,with preeti right longest surviving cadaveric cardiac transplant recipient aiims since yrs
593,oo intellectual fyi modi govt never built temple using public tax money modi govt built aiims iits
594,our heartfelt congratulations anurag samantaray asish mohapatra ayush mohapatra kiit school
595,oo intellectual fyi modi govt never built temple using public tax money modi govt built aiims iits
596,our heartfelt congratulations anurag samantaray asish mohapatra ayush mohapatra kiit school
597,oo intellectual fyi modi govt never built temple using public tax money modi govt built aiims iits
598,drvinayaiims drdhruvchauhan dundarajodhpur drvipinyogi aiimsu bd chaurasiya honoured padma awards
599,neemgi drkushals drdattaaiims pbmci i dont think murderers gods th
600,five died age profile first second waves india low lymphocyte count notable
601,why dr sudhir gupta leak the aiims report to selective media why suddenly take uturnipsnupurpras
602,oo intellectual fyi modi govt never built temple using public tax money modi govt built aiims iits
603,reservation aiims jodhpurgeneral ews jatbera plmeenainc tribalarmy
604,neemgi drkushals drdattaaiims pbmci no one forcing u come hospitalwe yrs ha
605,team work aiims new delhi endocrine surgery oral amp maxillofacial surgery radiodiagnosis nuclear medic
606,vishav guru mother democracy world looking towards india amp blah blah blahall mere jumla
607,five died age profile first second waves india low lymphocyte count notable
608,our heartfelt congratulations anurag samantaray asish mohapatra ayush mohapatra kiit school
609,with preeti right longest surviving cadaveric cardiac transplant recipient aiims since yrs
610,marinebharat two wishes aiims type hospitals every ls constituency minimum create one every two years o
611,five died age profile first second waves india low lymphocyte count notable
612,drkushals drdattaaiims patients come prepared machine guns
613,why dr sudhir gupta leak the aiims report to selective media why suddenly take uturnipsnupurpras
614,why dr sudhir gupta leak the aiims report to selective media why suddenly take uturnipsnupurpras
615,marinebharat two wishes aiims type hospitals every ls constituency minimum create one every two years o
616,five died age profile first second waves india low lymphocyte count notable
617,deogharaiims thanks opportunity
618,our heartfelt congratulations anurag samantaray asish mohapatra ayush mohapatra kiit school
619,we privileged askdheeraj moderator upcoming panel session today national
620,celebrates lungtransplant success recipient yearold woman surviving year tran
621,five died age profile first second waves india low lymphocyte count notable
622,look center building aiims pg exam construction amp tin shade wo women
623,our heartfelt congratulations anurag samantaray asish mohapatra ayush mohapatra kiit school
624,five died age profile first second waves india low lymphocyte count notable
625,all the best dear studentsmay force dont stress best let results spe
626,five died age profile first second waves india low lymphocyte count notable
627,oo intellectual fyi modi govt never built temple using public tax money modi govt built aiims iits
628,marinebharat two wishes aiims type hospitals every ls constituency minimum create one every two years o
629,five died age profile first second waves india low lymphocyte count notable
630,narendramodi mansukhmandviya narendrakarora drsaurabh answer may questions
631,oo intellectual fyi modi govt never built temple using public tax money modi govt built aiims iits
632,we privileged askdheeraj moderator upcoming panel session today national
633,honble tribal affairs goi yesterday announced deogharaiims centre excellence trib
634,such poor service sitting last minutes train noida electronic city kids miss aiims
635,our heartfelt congratulations anurag samantaray asish mohapatra ayush mohapatra kiit school
636,less days go international day in path hon prime minister jif
637,with preeti right longest surviving cadaveric cardiac transplant recipient aiims since yrs
638,now department dermatology aiims gorakhpur going start advanced aesthetic procedures
639,khushiviews fgautier great improvements exports gdp gst collection road rail infrastructur
640,aiims may recall q not feature addisona hyperkalemia b hyponatremia c hypocalcemia d eosinophi
641,why dr sudhir gupta leak the aiims report to selective media why suddenly take uturnipsnupurpras
642,five died age profile first second waves india low lymphocyte count notable
643,aiims may recall q not feature addisona hyperkalemia b hyponatremia c hypocalcemia d
644,five died age profile first second waves india low lymphocyte count notable
645,our heartfelt congratulations anurag samantaray asish mohapatra ayush mohapatra kiit school
646,if need psychiatry consultation costcall us call backaiims deoghar telemedicine number
647,five died age profile first second waves india low lymphocyte count notable
648,marinebharat two wishes aiims type hospitals every ls constituency minimum create one every two years o
649,pbmci narendramodi pmoindia mansukhmandviya officeofmm mohfwindia nmcind imaindiaorg jayalal drjayeshlele raj
650,marinebharat two wishes aiims type hospitals every ls constituency minimum create one every two years o
651,five died age profile first second waves india low lymphocyte count notable
652,deogharaiims echoindiatrust tribalaffairsin mundaarjun drsaurabh mansukhmandviya dcdeoghar narendramodi airnew
653,drkushals drdattaaiims very nice idea instead killing needles giving pain directly fire gun
654,deogharaiims echoindiatrust tribalaffairsin mundaarjun drsaurabh mansukhmandviya dcdeoghar narendramodi airnew
655,neemgi narendramodi pmoindia mansukhmandviya officeofmm mohfwindia nmcind imaindiaorg jayalal drjayeshlele raj
656,pbmci narendramodi pmoindia mansukhmandviya officeofmm mohfwindia nmcind imaindiaorg jayalal drjayeshlele raj
657,drkushals drdattaaiims very nice idea instead killing needles giving pain directly fire gun
658,hybrid education way forward undergraduate postgraduate medical education aiims delhiread ani story
659,five died age profile first second waves india low lymphocyte count notable
660,why dr sudhir gupta leak the aiims report to selective media why suddenly take uturnipsnupurpras
661,neemgi narendramodi pmoindia mansukhmandviya officeofmm mohfwindia nmcind imaindiaorg jayalal drjayeshlele raj
662,pbmci narendramodi pmoindia mansukhmandviya officeofmm mohfwindia nmcind imaindiaorg jayalal drjayeshlele raj
663,pbmci narendramodi pmoindia mansukhmandviya officeofmm mohfwindia nmcind imaindiaorg jayalal drjayeshlele raj
664,honble tribal affairs goi yesterday announced deogharaiims centre excellence trib
665,facility started aiimsdeoghar narendrakarora president aiims deoghar inaugurated services drsaurabh
666,facility started aiimsdeoghar narendrakarora president aiims deoghar inaugurated services drsaurabh
667,five died age profile first second waves india low lymphocyte count notable
668,five died age profile first second waves india low lymphocyte count notable
669,india news hybrid education way forward undergraduate postgraduate medical education aiims delhi
670,wishing best inicetmay exams easy results fantasticneet n
671,we privileged moderator upcoming panel session today na
672,swami dayadhipananda ji gave powerful advice youth he emphasized optimal nourishment bal
673,oo intellectual fyi modi govt never built temple using public tax money modi govt built aiims iits
674,who got dr gupta aiims panel members cfsl panel who mediating behalf bollywood mafia political nexus
675,day y consultation streaming lineup exceptional speakers engaging sessions get ready
676,our heartfelt congratulations anurag samantaray asish mohapatra ayush mohapatra kiit school
677,marinebharat two wishes aiims type hospitals every ls constituency minimum create one every two years o
678,our heartfelt congratulations anurag samantaray asish mohapatra ayush mohapatra kiit school
679,oo intellectual fyi modi govt never built temple using public tax money modi govt built aiims iits
680,why dr sudhir gupta leak the aiims report to selective media why suddenly take uturnipsnupurpras
681,facility started aiimsdeoghar narendrakarora president aiims deoghar inaugurated services drsaurabh
682,oo intellectual fyi modi govt never built temple using public tax money modi govt built aiims iits
683,five died age profile first second waves india low lymphocyte count notable
684,our heartfelt congratulations anurag samantaray asish mohapatra ayush mohapatra kiit school
685,honble tribal affairs goi yesterday announced centre excellence
686,five died age profile first second waves india low lymphocyte count notable
687,upma shashitharoor vezhamukhan gopaleetrilokhnathsanjay jivadra congi hypocrites remainwi
688,marinebharat two wishes aiims type hospitals every ls constituency minimum create one every two years o
689,academician best wishes students today national eligibility amp entrance test neet under graduate
690,aiimsrishi the best fusion health well sports presented y consultation aiim
691,facility started aiimsdeoghar narendrakarora president aiims deoghar inaugurated services drsaurabh
692,an unforgettable experience aiimsrishidelegates witnessed serene beauty holy river
693,our heartfelt congratulations anurag samantaray asish mohapatra ayush mohapatra kiit school
694,our heartfelt congratulations anurag samantaray asish mohapatra ayush mohapatra kiit school
695,our heartfelt congratulations anurag samantaray asish mohapatra ayush mohapatra kiit school
696,why dr sudhir gupta leak the aiims report to selective media why suddenly take uturnipsnupurpras
697,devladpura drvinayaiims drdhruvchauhan dundarajodhpur drvipinyogi aiimsu my man thank making anatomy easy
698,why dr sudhir gupta leak the aiims report to selective media why suddenly take uturn
699,telemedicine tribal centertribal providing dermatology care aiimsjodhpur providing teleconsultations
700,we requested proper identification city bus stop aiims nagar patrapada instead patrapada since
701,we intimated city buses departed aiims bbsr taking stoppage patrapada city bus stop since feb
702,facility started aiimsdeoghar president aiims deoghar inaugurated services
703,future doctors all best neet candidatestoday day judgment youdont
704,marinebharat two wishes aiims type hospitals every ls constituency minimum create one every two years o
705,our heartfelt congratulations anurag samantaray asish mohapatra ayush mohapatra kiit school
706,oo intellectual fyi modi govt never built temple using public tax money modi govt built aiims iits
707,our heartfelt congratulations anurag samantaray asish mohapatra ayush mohapatra kiit school
708,inaugurated labour room presence president aiimsdeoghar drsaurabh exec
709,why nta hurry days before admit card only month batch exam th may even much voile
710,oo intellectual fyi modi govt never built temple using public tax money modi govt built aiims iits
711,our heartfelt congratulations anurag samantaray asish mohapatra ayush mohapatra kiit school
712,our heartfelt congratulations anurag samantaray asish mohapatra ayush mohapatra kiit school
713,delhi aiims celebrates lung transplant success
714,delhi aiims celebrates lung transplant success
715,delhi aiims celebrates lung transplant success
716,hybrid education way forward undergraduate postgraduate medical education aiims delhiread ani story
717,divyaprakas aiims gand me dal lena
718,i know removed medicines but doses ml mlwhy mlvaccinedeathsvaccinegen
719,drvinayaiims drdhruvchauhan dundarajodhpur drvipinyogi aiimsu anatomy book made sense new medicos
720,oo intellectual fyi modi govt never built temple using public tax money modi govt built aiims iits
721,hybrid education way forward undergraduate postgraduate medical education aiims delhiread ani story
722,why dr sudhir gupta leak the aiims report to selective media why suddenly take uturnipsnupurpras
723,according aiims delhi hybrid education way forward undergraduate postgraduate medical education
724,hybrid education way forward undergraduate postgraduate medical education aiims delhiread story
725,drdattaaiims yahh son daughter getting married age time dr enter resid
726,oo intellectual fyi modi govt never built temple using public tax money modi govt built aiims iits
727,cids kerala chapterid friday may pm pm extrapulmonary tb module guest honour dr manish sonej
728,marinebharat two wishes aiims type hospitals every ls constituency minimum create one every two years o
729,this inform post graduate medical students taxfree please refer letter ca
730,two wishes aiims type hospitals every ls constituency minimum create one every two years
731,userrlame ak sudhirputhran erbmjha speaksprav d congress set iit when dr
732,oo intellectual fyi modi govt never built temple using public tax money modi govt built aiims iits
733,before medical aspirants chance appear entrances year neet ie aiims amp jipmersince al
734,oo intellectual fyi modi govt never built temple using public tax money modi govt built aiims iits
735,go community act human right social justice prospective join together end tb joint effort aiim
736,oo intellectual fyi modi govt never built temple using public tax money modi govt built aiims iits
737,all civic hospitals converted aiims
738,day y consultation streaming lineup exceptional speakers engaging sessions get ready
739,day y aiims whirlwind captivating events from thoughtprovoking panel discussions showcasing c
740,chair shri anmolsovit addressing y consultation health wellbeing sports agenda youth
741,missed niser marks missed aiimsdid take jodhpur aayurvedjoined bhu bsc hons botany around mon
742,oo intellectual fyi modi govt never built temple using public tax money modi govt built aiims iits
743,oo intellectual fyi modi govt never built temple using public tax money modi govt built aiims iits
744,oo intellectual fyi modi govt never built temple using public tax money modi govt built aiims iits
745,aiimsnewdelhi mohfwindia pmoindia hmoindia rashtrapatibhvn livelawindia barandbench are indian
746,aiimsbhubaneswr aiimsrpr congratulations aiimsiaans bbsrkudos
747,kindly ask check aiims rishikesh ist to rule pituitary pathology so tall abnormal
748,vishnuk narendramodi nitingadkari oh se pahle jo bhe tha congress ne banaya
749,believe give best neet best wishes think india assam candidates appear
750,why dr sudhir gupta leak the aiims report to selective media why suddenly take uturnipsnupurpras
751,ani nobody questions challenge authority amp dared challenge proctor d
752,our heartfelt congratulations anurag samantaray asish mohapatra ayush mohapatra kiit school
753,with preeti right longest surviving cadaveric cardiac transplant recipient aiims since yrs
754,ayush departments at aiims to give inpatient care allopathic doctors raise alarm
755,surgical robotics training facility set facilty inaugurated aiims new delhi this center provide surgeons wit
756,mohfwindia sir good thinglet ini happen and people take seat ini institutes so
757,why nta hurry days before admit card only month batch exam th may even much voile
758,our heartfelt congratulations anurag samantaray asish mohapatra ayush mohapatra kiit school
759,our heartfelt congratulations anurag samantaray asish mohapatra ayush mohapatra kiit school
760,our heartfelt congratulations anurag samantaray asish mohapatra ayush mohapatra kiit school
761,best luckaiims delhi waiting
762,why are mumbai police cooper doctors amp aiims team not being proved for attempts to botch up the casecbihead
763,i know removed medicines but doses ml mlwhy mlvaccinedeaths
764,our heartfelt congratulations anurag samantaray asish mohapatra ayush mohapatra kiit school
765,honoured allottees welfare society aws occasion celebration international nurses day
766,our heartfelt congratulations anurag samantaray asish mohapatra ayush mohapatra kiit school
767,this inform post graduate medical students taxfree please refer letter ca
768,our heartfelt congratulations anurag samantaray asish mohapatra ayush mohapatra kiit school
769,why dr sudhir gupta leak the aiims report to selective media why suddenly take uturnipsnupurpras
770,drgupta told loopholes pm report made cooper hospital amp contamination crime sceneaiims
771,why dr sudhir gupta made uturn strangulation suicide aiims didnt body examineadeq
772,this inform post graduate medical students taxfree please refer letter ca
773,medicine remove side effects negative im
774,our heartfelt congratulations anurag samantaray asish mohapatra ayush mohapatra kiit school
775,our heartfelt congratulations anurag samantaray asish mohapatra ayush mohapatra kiit school
776,kiitians excelsbig congratulations kiitiansmr anurag samantaray mr asish mohapatra amp
777,our heartfelt congratulations anurag samantaray asish mohapatra ayush mohapatra kiit school
778,our heartfelt congratulations anurag samantaray asish mohapatra ayush mohapatra kiit school
779,with preeti right longest surviving cadaveric cardiac transplant recipient aiims since yrs
780,a message all neet aspirants from your anchal sir neet neetexam neetug
781,this inform post graduate medical students taxfree please refer letter ca
782,th organ donation year aiims trauma centre delhi thanks organ procurement team trauma centre grief
783,our heartfelt congratulations anurag samantaray asish mohapatra ayush mohapatra kiit school
784,aiimsrda aiimsnewdelhi abha registration become new problem patients if want eve
785,why dr sudhir gupta leak the aiims report to selective media why suddenly take uturnipsnupurpras
786,becil guys waste lot time registering patients aiimsrda opd why dont people w
787,our heartfelt congratulations anurag samantaray asish mohapatra ayush mohapatra kiit school
788,drgupta told loopholes pm report made cooper hospital amp contamination crime sceneaiims
789,why dr sudhir gupta made uturn strangulation suicide aiims didnt body examineadeq
790,our heartfelt congratulations anurag samantaray asish mohapatra ayush mohapatra kiit school
791,teamssrwarriors itsssr there many examples day day life keep us going my little son hums itsssr song
792,our heartfelt congratulations anurag samantaray asish mohapatra ayush mohapatra kiit school
793,our heartfelt congratulations anurag samantaray asish mohapatra ayush mohapatra kiit school
794,sir community delhi one find cheap medicine cystic fibrosis patientsaiimsnewdelhi
795,this inform post graduate medical students taxfree please refer letter ca
796,jrdoctors pressurising buy medicine outside patient admitted general ward
797,our heartfelt congratulations anurag samantaray asish mohapatra ayush mohapatra kiit school
798,our heartfelt congratulations anurag samantaray asish mohapatra ayush mohapatra kiit school
799,this inform post graduate medical students taxfree please refer letter ca
800,this inform post graduate medical students taxfree please refer letter ca
801,our heartfelt congratulations anurag samantaray asish mohapatra ayush mohapatra kiit school
802,why are mumbai police cooper doctors amp aiims team not being proved for attempts to botch up the casecbihead
803,our heartfelt congratulations anurag samantaray asish mohapatra ayush mohapatra kiit school
804,our heartfelt congratulations anurag samantaray asish mohapatra ayush mohapatra kiit school
805,aiims inicet manipur exam centers shifted guwahaticentre code ascentre name ion digital zone id
806,drvinayaiims drdhruvchauhan dundarajodhpur drvipinyogi aiimsu anatomy por
807,cardiotwitter neetpgusmle inicet aiimscardiodocdexterq most common cause sudden cardiac death scd
808,aiims inicet manipur exam centers shifted guwahaticentre code ascentre name ion digital zone id
809,our heartfelt congratulations anurag samantaray asish mohapatra ayush mohapatra kiit school
810,aiims announces change of exam center ini cet july session entrance test allindiainstituteofmedicalsciences
811,our heartfelt congratulations anurag samantaray asish mohapatra ayush mohapatra kiit school
812,devladpura drvinayaiims drdhruvchauhan dundarajodhpur drvipinyogi aiimsu sguptamd i agree u sir me
813,with preeti right longest surviving cadaveric cardiac transplant recipient aiims since yrs af
814,wishing best inicetmay exams easy results fantasticneet n
815,why nta hurry days before admit card only month batch exam th may even much voile
816,wishing best inicetmay exams easy results fantasticneet
817,garrywalia ajitanjum ani bajrangpunia ashutoshb bbchindi boltahindustan dujat
818,our heartfelt congratulations anurag samantaray asish mohapatra ayush mohapatra kiit school
819,our heartfelt congratulations anurag samantaray asish mohapatra ayush mohapatra kiit school
820,our heartfelt congratulations anurag samantaray asish mohapatra ayush mohapatra kiit school
821,our heartfelt congratulations anurag samantaray asish mohapatra ayush mohapatra kiit school
822,drvinayaiims drdhruvchauhan dundarajodhpur drvipinyogi aiimsu my man thank making anato
823,this inform post graduate medical students taxfree please refer letter ca
824,our heartfelt congratulations anurag samantaray asish mohapatra ayush mohapatra kiit school
825,our heartfelt congratulations anurag samantaray asish mohapatra ayush mohapatra kiit school
826,our heartfelt congratulations anurag samantaray asish mohapatra ayush mohapatra kiit school
827,why nta hurry days before admit card only month batch exam th may even much voile
828,why dr sudhir gupta leak the aiims report to selective media why suddenly take uturnipsnupurpras
829,best luck us milte hai aiims mai bhai
830,our heartfelt congratulations anurag samantaray asish mohapatra ayush mohapatra kiit school
831,our heartfelt congratulations anurag samantaray asish mohapatra ayush mohapatra kiit school
832,aiims delhis research proved sitting classroom studies better virtually read rep
833,our heartfelt congratulations anurag samantaray asish mohapatra ayush mohapatra kiit school
834,our heartfelt congratulations anurag samantaray asish mohapatra ayush mohapatra kiit school
835,why nta hurry days before admit card only month batch exam th may even much voile
836,why nta hurry days before admit card only month batch exam th may even much voile
837,why nta hurry days before admit card only month batch exam th may even much voile
838,day y consultation streaming lineup exceptional speakers engaging sessions get ready inspi
839,day y consultation streaming lineup exceptional speakers engaging sessions get ready
840,day y aiims whirlwind captivating events from thoughtprovoking panel discussions showcasing c
841,why nta hurry days before admit card only month batch exam th may even much voile
842,why nta hurry days before admit card only month batch exam th may even much voile
843,why nta hurry days before admit card only month batch exam th may even much voile
844,why nta hurry days before admit card only month batch exam th may even much voile
845,why nta hurry days before admit card only month batch exam th may even much voile
846,why nta hurry days before admit card only month batch exam th may even much voile
847,why nta hurry days before admit card only month batch exam th may even much voile
848,why nta hurry days before admit card only month batch exam th may even much voile
849,why nta hurry days before admit card only month batch exam th may even much voile
850,why nta hurry days before admit card only month batch exam th may even much voile
851,why nta hurry days before admit card only month batch exam th may even much voile
852,why nta hurry days before admit card only month batch exam th may even
853,nobody questioning criminal attacked though attacking criminal also crime th
854,drdattaaiims very nice idea instead killing needles giving pain directly fire
855,our heartfelt congratulations anurag samantaray asish mohapatra ayush mohapatra kiit school
856,our heartfelt congratulations anurag samantaray asish mohapatra ayush mohapatra kiit school
857,india aiimsdeoghar join hands host nationwide summit tribal health
858,devladpura drvinayaiims drdhruvchauhan dundarajodhpur drvipinyogi aiimsu you know ns admire character
859,devladpura priyankajshukla drvinayaiims drdhruvchauhan dundarajodhpur drvipinyogi aiimsu a legend my sister
860,devladpura drvinayaiims drdhruvchauhan dundarajodhpur drvipinyogi aiimsu one first medical books
861,devladpura drvinayaiims drdhruvchauhan dundarajodhpur drvipinyogi aiimsu thank dr chaurasia rest peace
862,devladpura drvinayaiims drdhruvchauhan dundarajodhpur drvipinyogi aiimsu respect dr churasia well written
863,devladpura drvinayaiims drdhruvchauhan dundarajodhpur drvipinyogi aiimsu my first book set i still quite
864,devladpura drvinayaiims drdhruvchauhan dundarajodhpur drvipinyogi aiimsu sguptamd the anatomy book drbd chaura
865,devladpura drvinayaiims drdhruvchauhan dundarajodhpur drvipinyogi aiimsu bd chaurasias legendary anatomy boo
866,devladpura drvinayaiims drdhruvchauhan dundarajodhpur drvipinyogi aiimsu legends contribute making life simpler
867,empathyinnovate devladpura drvinayaiims drdhruvchauhan dundarajodhpur drvipinyogi aiimsu imaindiaorg remember whe
868,jbbhalke devladpura drvinayaiims drdhruvchauhan dundarajodhpur drvipinyogi aiimsu his books trained atleast
869,our heartfelt congratulations anurag samantaray asish mohapatra ayush mohapatra kiit school
870,devladpura drvinayaiims drdhruvchauhan dundarajodhpur drvipinyogi aiimsu his books trained
871,devladpura drvinayaiims drdhruvchauhan dundarajodhpur drvipinyogi aiimsu imaindiaorg
872,aiims norcet application form
873,why cbiheadquarters say october still looking aspects aiims leakwhy n
874,narendramodi pmoindia mansukhmandviya officeofmm drbharatippawar mohfwindia how get job witho
875,candidates able travel current situation going manipur kindly reschedule ex
876,asadowaisi mazboot karney old city kya mila owasis saabmetroaiimsiitiimcollegesthub
877,our heartfelt congratulations anurag samantaray asish mohapatra ayush mohapatra kiit school
878,our heartfelt congratulations anurag samantaray asish mohapatra ayush mohapatra kiit school
879,medical genetics department pgich noida timely referral opinion experts must rare disorders
880,we livefrom youth consultation aiims rishikesh discussing vital agenda empowering youth th
881,hi team delhi verify press information regarding international conference viro
882,our heartfelt congratulations anurag samantaray asish mohapatra ayush mohapatra kiit school
883,our heartfelt congratulations anurag samantaray asish mohapatra ayush mohapatra kiit school
884,drvinayaiims drdhruvchauhan dundarajodhpur drvipinyogi aiimsu respect sir
885,cids kerala chapterid friday may pm pm extrapulmonary tb module guest honour dr manish sonej
886,our heartfelt congratulations anurag samantaray asish mohapatra ayush mohapatra kiit school
887,our heartfelt congratulations anurag samantaray asish mohapatra ayush mohapatra kiit school
888,hello everyone best luck inicet neetugneetpg neetpg neetnationa
889,hello everyone best luck inicet neetugneetpg neetpg neetnationa
890,chair shri anmolsovit addressing y consultation health wellbeing sports agenda youth
891,today pm radio doctor phonein program topic exercise heart healthexpert drrakesh yadav cardiologi
892,hello everyone best luck inicet neetugneetpg neetpg neet
893,our heartfelt congratulations anurag samantaray asish mohapatra ayush mohapatra kiit school
894,devladpura drvinayaiims drdhruvchauhan dundarajodhpur drvipinyogi aiimsu imaindiaorg reme
895,under able guidance honble director surekhakishore maam department anatomy aiimsgkp collaboration w
896,our heartfelt congratulations anurag samantaray asish mohapatra ayush mohapatra kiit school
897,modi govt vision future youth dr bharati pawar ianuragthakurdrbharatip
898,our heartfelt congratulations anurag samantaray asish mohapatra ayush mohapatra kiit school
899,our heartfelt congratulations anurag samantaray asish mohapatra ayush mohapatra kiit school
900,our heartfelt congratulations anurag samantaray asish mohapatra ayush mohapatra kiit school
901,telemedicine tribal centertribal providing dermatology care aiimsjodhpur providing teleconsultations
902,drvinayaiims drdhruvchauhan dundarajodhpur drvipinyogi aiimsu a legend rememberproud south asia
903,our heartfelt congratulations anurag samantaray asish mohapatra ayush mohapatra kiit school
904,during visit aiims rishikesh took review meeting institute hods during reviewdiscus
905,our heartfelt congratulations anurag samantaray asish mohapatra ayush mohapatra kiit school
906,our heartfelt congratulations anurag samantaray asish mohapatra ayush mohapatra kiit school
907,our heartfelt congratulations anurag samantaray asish mohapatra ayush mohapatra kiit school
908,our heartfelt congratulations anurag samantaray asish mohapatra ayush mohapatra kiit school
909,our heartfelt congratulations anurag samantaray asish mohapatra ayush mohapatra kiit school
910,our heartfelt congratulations anurag samantaray asish mohapatra ayush mohapatra kiit school
911,participated y consultations organized aiims rishikesh addressed young vibrant minds g
912,our heartfelt congratulations anurag samantaray asish mohapatra ayush mohapatra kiit school
913,our heartfelt congratulations anurag samantaray asish mohapatra ayush mohapatra kiit school
914,sister neet tomorrow idc much hate hope gets aiims gmch may hardwork come true
915,our heartfelt congratulations anurag samantaray asish mohapatra ayush mohapatra kiit school
916,our heartfelt congratulations anurag samantaray asish mohapatra ayush mohapatra kiit school
917,theliverdr thanks helping us promote ayurveda dr rama jayasundar straddles nuclear magnetic resonance spec
918,our heartfelt congratulations anurag samantaray asish mohapatra ayush mohapatra kiit school
919,our heartfelt congratulations anurag samantaray asish mohapatra ayush mohapatra kiit school
920,aiims new delhi declared institute national importance combined entrance test ini cet july
921,this inform post graduate medical students taxfree please refer letter ca
922,our heartfelt congratulations anurag samantaray asish mohapatra ayush mohapatra kiit school
923,our heartfelt congratulations anurag samantaray asish mohapatra ayush mohapatra kiit school
924,our heartfelt congratulations anurag samantaray asish mohapatra ayush mohapatra kiit school
925,aiims inicet manipur exam centers shifted guwahaticentre code ascentre name ion digital
926,our heartfelt congratulations anurag samantaray asish mohapatra ayush mohapatra kiit school
927,our heartfelt congratulations anurag samantaray asish mohapatra ayush mohapatra kiit school
928,our heartfelt congratulations anurag samantaray asish mohapatra ayush mohapatra kiit school
929,our heartfelt congratulations anurag samantaray asish mohapatra ayush mohapatra kiit school
930,laparoscopic reduction jejunojejunal intussusception resection anastomosis small bowel
931,our heartfelt congratulations anurag samantaray asish mohapatra ayush mohapatra kiit school
932,our heartfelt congratulations anurag samantaray asish mohapatra ayush mohapatra kiit sc
933,but still muz always much ahead darbhanga even airport proposed aiims darb
934,telemedicine tribal providing dermatology care aiimsjodhpur providing teleconsultation
935,nihfwofficial gargsuneela mohfwindia aiimsnewdelhi injecting putrid biological matter toxins
936,neet might mine neet definitely mine just year aiims delhi
937,aiims ini ss july stage results declared heres check
938,nehru could build one rajiv built nonewas primitive state affairs
939,devladpura drvinayaiims drdhruvchauhan dundarajodhpur drvipinyogi aiimsu my mother radiologist student
940,devladpura drvinayaiims drdhruvchauhan dundarajodhpur drvipinyogi aiimsu you know ns admire character
941,devladpura drvinayaiims drdhruvchauhan dundarajodhpur drvipinyogi aiimsu true simplified difficult r
942,before medical aspirants chance appear entrances year neet ie aiims amp jipmersince al
943,day aiims rishikesh y consultation honble minister state health amp family welfare dr bharti pravin pa
944,why are mumbai police cooper doctors amp aiims team not being proved for attempts to botch up the casecbihead
945,why dr sudhir gupta leak the aiims report to selective media why suddenly take uturnipsnupurpras
946,aiims raebareli marching towards next level diagnostics patient care inauguration central scientific ins
947,heisenbergime amirladki then dont know anything
948,this inform post graduate medical students taxfree please refer letter ca
949,chair shri anmolsovit addressing y consultation health wellbeing sports agenda youth
950,your shit load unethical money poor people
951,chanduollala ktrbrs aiims deogarh opened july aiims bilaspuroct amp o
952,rotating headship immediately implemented it help decreasing politics involved departments
953,while aiims rishikesh inaugurated geriatric ward eye bank these facilities enhance servi
954,aiims raebareli marching towards next level diagnostics patient care inauguration central scien
955,aiims ini cet manipur exam centers shifted guwahati new admit card
956,this inform post graduate medical students taxfree please refer letter ca
957,drvinayaiims drdhruvchauhan dundarajodhpur drvipinyogi aiimsu legends contribute making life
958,who cdcglobal emanews yalemed unhumanrights drjaswantjangra aiimsnewdelhi pypayurved barendmons
959,participated y consultations organized aiims rishikesh addressed young vibrant minds g
960,drvinayaiims drdhruvchauhan dundarajodhpur drvipinyogi aiimsu bd chaurasias legendary anatomy
961,this inform post graduate medical students taxfree please refer letter ca
962,give iim set old citygive kv school set old citygive medical college set old city
963,why dr sudhir gupta leak the aiims report to selective media why suddenly take uturnipsnupurpras
964,on age expectations stay high and iit aiims give access thats middle class families forced
965,drgupta told loopholes pm report made cooper hospital amp contamination crime sceneaiims
966,why dr sudhir gupta made uturn strangulation suicide aiims didnt body examineadeq
967,this inform post graduate medical students taxfree please refer letter ca
968,this inform post graduate medical students taxfree please refer letter ca
969,best luck to aspiring doctors medicalstudents goodluck studyhard dreambig
970,drvinayaiims drdhruvchauhan dundarajodhpur drvipinyogi aiimsu sguptamd the anatomy book drb
971,echo india deoghar join hands host nationwidesummit tribalhealth
972,many jee amp neet aspirants commit suicide disappointed feel guilty getting
973,i made aiims site marchantonlinesbi
974,going name autonomous senior nursing officer recruitment also gender discrimination
975,many jee amp neet aspirants commit suicide disappointed feel guilty getting
976,many jee amp neet aspirants commit suicide disappointed feel guilty getting
977,hayankhan i thought u r med actually mbbs student aiims thought guide u
978,this inform post graduate medical students taxfree please refer letter ca
979,drvinayaiims drdhruvchauhan dundarajodhpur drvipinyogi aiimsu my first book set i still
980,drvinayaiims drdhruvchauhan dundarajodhpur drvipinyogi aiimsu respect dr churasia well wri
981,why are mumbai police cooper doctors amp aiims team not being proved for attempts to botch up the casecbihead
982,dgnta u forgot neet pan india level exam postponing particular state hamper ranks
983,cids kerala chapterid friday may pm pm extrapulmonary tb module guest honour dr manish sonej
984,why dr sudhir gupta leak the aiims report to selective media why suddenly take uturnipsnupurpras
985,the ambition millions potential doctors could taken lakhs mbbs seats thousands aiims build und
986,justicefordishasalian justiceforjiahkhan world demands ssr casehere corroborat
987,any person followed latha venkatesh cnbc srinivas iyc sucheta dalal dr datta aiims always
988,this inform post graduate medical students taxfree please refer letter ca
989,justicefordishasalian justiceforjiahkhan world demands ssr casehere corroborat
990,day y consultation streaming lineup exceptional speakers engaging sessions get ready
991,chair shri anmolsovit addressing y consultation health wellbeing sports agenda youth
992,president droupadi murmu visited similipal tiger reserve mayurbhanj odisha a place rich biodiversity wil
993,helps every step fight mentalhealth guides better improved state mi
994,chakravartiin bro couldnt back single claim made highways aiims percrnt ps
995,why are mumbai police cooper doctors amp aiims team not being proved for attempts to botch up the casecbihead
996,why are mumbai police cooper doctors amp aiims team not being proved for attempts to botch up the casecbihead
997,mayurc nothing started aiimsits meagre bedded covid hospitalcome show im wrong
998,this inform post graduate medical students taxfree please refer letter ca
999,mayurc kothaagaa meeeru kattindi chupiyra essiguddabuild iim thenbuild iit thenbuild medical college
