,POS_Tweet
0,need give necessarytheyll need better better
1,need give necessarytheyll need better better
2,need give necessarytheyll need better better
3,need b hospital boghivenkatesh
4,leading amp also charging
5,central key peak economic
6,need give necessarytheyll need better better
7,need give necessarytheyll need better better
8,kannadgas low aiims
9,want achieve completely seen
10,anurag samantaray asish kiit
11,delhi many work sanitary
12,gets close prefer aiims delhi mere batchmates
13,i pay bhubaneswar successfully paid
14,neemgi drdattaaiims pbmci dont know go private
15,agra prioritize wellbeing offering supported
16,counselling start immediately aiims exam faima
17,died first second india low notable
18,afmc filled aiims filled
19,need b hospital boghivenkatesh
20,medical taxfree refer
21,anurag samantaray asish kiit
22,arya amp inspires youth insightful
23,rishikesh distributed nikshay mitra yojana
24,aiims hospitalcall boghivenkatesh
25,drericding remove negative
26,know removed doses ml
27,arya amp inspires
28,need b hospital boghivenkatesh
29,need b hospital boghivenkatesh
30,need b hospital boghivenkatesh
31,need b hospital boghivenkatesh
32,swabs collected claimed
33,holding accountable ongoing
34,complained harrasment aiims bhubaneswarimmediate taken
35,holding accountable ongoing
36,swabs collected claimed
37,told made cooper
38,made uturn aiims
39,sanjayjhabihar darbhangalive
40,rishilesh inaugurated cafe
41,oo intellectual never built temple using public built aiims
42,anurag samantaray asish kiit
43,cake cut mos welfaredr bharti pawar cafe ris
44,needs immediate medical pls
45,rishikesh distributed nikshay mitra yojana
46,is baar hi
47,inform great well known medical
48,rishikesh distributed nikshay mitra yojana
49,i think consider ini giving todays easy aachi
50,anurag samantaray asish kiit
51,need b hospital boghivenkatesh
52,oo intellectual never built temple using public built aiims
53,dear india amp apollos primary
54,assuring get roller aiims
55,rishikesh distributed nikshay mitra yojana
56,rishikesh distributed nikshay mitra yojana
57,annamalaik namma aiims
58,rishikesh distributed nikshay mitra yojana
59,conducted amp interactive
60,visited new delhi wellbeing hakim ahmed sahab
61,rishilesh inaugurated cafe
62,inform great well known medical
63,drdhruvchauhan dundarajodhpur drvipinyogi
64,cake cut mos welfaredr bharti pawar cafe ris
65,need b hospital boghivenkatesh
66,drdhruvchauhan dundarajodhpur drvipinyogi
67,madmanweb ptinews rush
68,waiting
69,preeti right longest surviving cadaveric cardiac
70,bhopal purple underpass
71,top medical india
72,anurag samantaray asish kiit
73,need b hospital boghivenkatesh
74,nbirensingh see
75,aiims hospitalcall boghivenkatesh
76,need b hospital boghivenkatesh
77,aiims hospitalcall boghivenkatesh
78,died first second india low notable
79,aiims hospitalcall boghivenkatesh
80,learning neurological including transcranial many
81,gave neet todayit didnt go i expectedwith eligible
82,aiims rishikeshby
83,boycott go ayurved
84,need b hospital boghivenkatesh
85,hybrid forward undergraduate medical delhiread ani
86,neemgi drdattaaiims u ever feel doc done wrong u go
87,built aiims km national
88,swabs collected claimed
89,swabs collected claimed
90,neemgi pbmci also proud u feeling saying
91,anurag samantaray asish kiit
92,preeti right longest surviving cadaveric cardiac
93,rishilesh inaugurated cafe
94,anurag samantaray asish kiit
95,holding accountable ongoing
96,bjp give coastal karnatakacoastal astonishing
97,neemgi drdattaaiims treat
98,rishikesh distributed nikshay mitra yojana
99,aiims confirmed
100,aiims hospitalcall boghivenkatesh
101,need b hospital boghivenkatesh
102,learning neurological including transcranial
103,rishikesh distributed nikshay mitra yojana
104,need b hospital boghivenkatesh
105,oo intellectual never built temple using public built aiims
106,is aiims delhi do am
107,oo intellectual never built temple using public built aiims
108,rishikesh distributed nikshay mitra yojana
109,anurag samantaray asish kiit
110,encouraging medical integral training ms sinhasumita
111,rishilesh inaugurated cafe
112,started aiimsdeoghar deoghar inaugurated
113,rishikesh distributed nikshay mitra yojana
114,need b hospital boghivenkatesh
115,amazing national prof nk
116,told made cooper
117,made uturn aiims
118,aiims hospitalcall boghivenkatesh
119,need b hospital boghivenkatesh
120,cake cut mos bharti pawar cafe
121,dumping yard bhubaneshwar sir difficult
122,rishikesh distributed nikshay mitra yojana
123,rishikesh distributed nikshay mitra yojana
124,rishilesh inaugurated cafe
125,aiims hospitalcall boghivenkatesh
126,anurag samantaray asish kiit
127,sunday provide free
128,narendramodi taking still made many psu
129,god pakka
130,aiims hospitalcall boghivenkatesh
131,delighted bathinda successfully performed
132,rajwanshi aiims raebareli discuss vital promoting wellbeing
133,delhi loading
134,aiims hospitalcall boghivenkatesh
135,rishilesh inaugurated cafe
136,biggest i want
137,need b hospital boghivenkatesh
138,anurag samantaray asish kiit
139,preeti right longest surviving cadaveric cardiac
140,need b hospital boghivenkatesh
141,aiims hospitalcall boghivenkatesh
142,need b hospital boghivenkatesh
143,busy universitiescollegesschools hydrothermalnuclear dams railwaysbr
144,aiims hospitalcall boghivenkatesh
145,rishilesh inaugurated cafe
146,oo intellectual never built temple using public built aiims
147,oo intellectual never built temple using public built aiims
148,cbed hdu raipurcontact
149,busy universitiescollegesschools hydrothermalnuclear dams railwaysbr
150,aiims hospitalcall boghivenkatesh
151,anurag samantaray asish kiit
152,need b hospital boghivenkatesh
153,narendramodi newsindia
154,aiims hospitalcall boghivenkatesh
155,available iit aiims
156,preeti right longest surviving cadaveric cardiac
157,discussed indigenous
158,participated y organized rishikesh addressed young g
159,anurag samantaray asish kiit
160,give cut
161,aiims hospitalcall boghivenkatesh
162,aiims hospitalcall boghivenkatesh
163,aiims hospitalcall boghivenkatesh
164,aiims hospitalcall cc
165,make hope seeking referred
166,rajwanshi aiims raebareli discuss vital promoting wellbeing
167,rishilesh inaugurated cafe
168,need b hospital boghivenkatesh
169,going
170,rishilesh inaugurated cafe
171,rishilesh inaugurated cafe
172,agree done ayurveda need build gl
173,need b hospital boghivenkatesh
174,rishilesh inaugurated cafe
175,narendramodi taking still made many psu
176,recall not feature
177,medical taxfree refer
178,need b hospital boghivenkatesh
179,anurag samantaray asish kiit
180,need b hospital boghivenkatesh
181,need b hospital boghivenkatesh
182,need b hospital boghivenkatesh
183,need b hospital boghivenkatesh
184,narendramodi first teach nursing diet
185,busy universitiescollegesschools hydrothermalnuclear dams
186,need b hospital boghivenkatesh
187,need b hospital boghivenkatesh
188,need b hospital boghivenkatesh
189,need b hospital boghivenkatesh
190,need b hospital boghivenkatesh
191,need b hospital boghivenkatesh
192,narendramodi taking still made many psu
193,need b hospital boghivenkatesh
194,anurag samantaray asish kiit
195,need b hospital boghivenkatesh
196,need b hospital boghivenkatesh
197,need b hospital boghivenkatesh
198,med nhi optho ini many
199,need b hospital boghivenkatesh
200,need b hospital boghivenkatesh
201,need b hospital boghivenkatesh
202,need b hospital boghivenkatesh
203,need b hospital boghivenkatesh
204,need b hospital boghivenkatesh
205,unable selected full
206,current
207,anurag samantaray asish kiit
208,anurag samantaray asish kiit
209,drdhruvchauhan dundarajodhpur drvipinyogi legend
210,drdattaaiims pbmci represent
211,lung oxidative upregulating si
212,lung oxidative upregulating si
213,coincidentally aiims ug bagal
214,anurag samantaray asish kiit
215,lung oxidative upregulating si
216,anurag samantaray asish kiit
217,lung oxidative upregulating si
218,is public supposed go r legally licensed
219,told made cooper
220,made uturn aiims
221,anurag samantaray asish kiit
222,celebrates lung transplant celebrates lun
223,celebrates lung transplant celebrates lun
224,rajwanshi aiims raebareli discuss vital promoting wellbeing
225,oo intellectual never built temple using public built aiims
226,getting get aiims
227,getting get aiims
228,anurag samantaray asish kiit
229,aiims rishikeshby
230,rajwanshi aiims raebareli discuss vital promoting wellbeing
231,anurag samantaray asish kiit
232,had great y aiims rishikesh happy
233,rajwanshi aiims raebareli discuss vital promoting wellbeing
234,anurag samantaray asish kiit
235,leak selective suddenly take
236,drdhruvchauhan dundarajodhpur drvipinyogi made inital medical easier
237,oo intellectual never built temple using public built aiims
238,ug manipur download
239,gave branded overconfident usme exams i
240,gave branded overconfident usme exams i
241,narendramodi many iit airport made many new
242,narendramodi taking still made many psu
243,anurag samantaray asish kiit
244,dear india amp apollos primary
245,told made cooper
246,made uturn aiims
247,narendramodi taking still made many psu
248,cbed hdu raipurcontact
249,honoured invited discuss nutrition tribal national
250,gets actually come complete manthe becomes
251,anurag samantaray asish kiit
252,cbed hdu raipurcontact
253,many medical amp educational honble
254,hybrid forward undergraduate medical delhiread ani
255,rajwanshi aiims raebareli discuss vital promoting wellbeing
256,anurag samantaray asish kiit
257,srinivasaiims mansukhmandviya delhieast temporary
258,oo intellectual never built temple using public built aiims
259,rajwanshi aiims raebareli discuss vital promoting wellbeing
260,taking still made many psu
261,anurag samantaray asish kiit
262,tough md general aiims
263,aiims patna apply
264,there several currently hiring opened
265,rajwanshi aiims raebareli discuss vital promoting wellbeing
266,told made cooper
267,made uturn aiims
268,dear india amp apollos primary
269,get daily pg nextpg aiims pg
270,told made cooper
271,made uturn aiims
272,gorakhpur view here aiimsgkp
273,anurag samantaray asish kiit
274,told made cooper
275,made uturn aiims
276,anurag samantaray asish kiit
277,rajwanshi aiims raebareli discuss vital promoting wellbeing
278,gorakhpur view here
279,anurag samantaray asish kiit
280,anurag samantaray asish kiit
281,drdhruvchauhan dundarajodhpur drvipinyogi
282,ini ss
283,told made cooper
284,made uturn aiims
285,strangulation hanging different performing nearly roopkumar
286,told made cooper
287,aiims bibi sanctioned medical
288,made uturn aiims
289,hybrid forward ug medical delhi
290,hybrid forward undergraduate medical delhi
291,inicet psm aiims aiimsexam
292,leak selective suddenly take
293,anurag samantaray asish kiit
294,sunday provide free
295,hybrid forward undergraduate medical delhi
296,raipur phd end check
297,told made cooper
298,made uturn aiims
299,captivating thoughtprovoking showcasing
300,told made cooper
301,made uturn aiims
302,anurag samantaray asish kiit
303,dear india amp apollos primary
304,streaming lineup exceptional engaging get ready
305,told made cooper
306,made uturn aiims
307,rainbowhospital horrible terrifying
308,horrible terrifying take necessary
309,anurag samantaray asish kiit
310,hybrid forward undergraduate medical delhi hybrid
311,claims former peddles dangerous
312,vande airports chenab atal upi
313,face worked hard mbbs medical
314,ini ss declared
315,recall not feature
316,oo intellectual never built temple using public built aiims
317,anurag samantaray asish kiit
318,anurag samantaray asish kiit
319,like inform facing mother critical
320,name autonomous started targeting
321,like inform facing came
322,newly elected rda aiims bhubaneswar formal
323,like inform facing came
324,like inform facing mother critical
325,hybrid forward ug medical delhi
326,anurag samantaray asish kiit
327,ini ss declared
328,inicet psm aiims aiimsexam
329,inicet psm aiims aiimsexam
330,face worked hard mbbs medical
331,old
332,oo intellectual never built temple using public built aiims
333,drdhruvchauhan dundarajodhpur drvipinyogi aiimsu complicated shitty
334,anurag samantaray asish kiit
335,aiims rishikeshby
336,aiims rishikeshby
337,santosh drdattaaiims oh come onthere definitely otherwise
338,drdattaaiims pbmci represent
339,anurag samantaray asish kiit
340,santosh drdattaaiims oh come onthere definitely otherwise
341,drdattaaiims oh come onthere definitely
342,new aiming more increased pm
343,oo intellectual never built temple using public built aiims
344,drdattaaiims pbmci represent
345,ini ss declared
346,anurag samantaray asish kiit
347,anurag samantaray asish kiit
348,oo intellectual never built temple using public built aiims
349,neemgi drdattaaiims pbmci represen
350,died first second india low notable
351,went give exam sneaking make
352,anurag samantaray asish kiit
353,oo intellectual never built temple using public built aiims
354,died first second india low notable
355,told made cooper
356,made uturn aiims
357,many amp commit suicide disappointed guilty getting
358,ultimate live ug precise live
359,told made cooper
360,made uturn aiims
361,died first second india low notable
362,leak selective suddenly take
363,kindly request exam turn exam
364,drdhruvchauhan dundarajodhpur drvipinyogi last
365,drdhruvchauhan dundarajodhpur drvipinyogi read med
366,started aiimsdeoghar deoghar inaugurated
367,faimaindia
368,preeti right longest surviving cadaveric cardiac
369,face worked hard mbbs medical
370,leak selective suddenly take
371,preeti right longest surviving cadaveric cardiac
372,late wish u hope u get result u aiims
373,inicet inicet neetpg neetpg
374,anurag samantaray asish kiit
375,kalyani apply online senior more
376,doctor bullying internet dont take
377,anurag samantaray asish kiit
378,died first second india low notable
379,expanding aiims institutes medical
380,died first second india low notable
381,preeti right longest surviving cadaveric cardiac
382,kerala chapterid pm extrapulmonary guest manish
383,made
384,anurag samantaray asish kiit
385,inicet inicet neetpg neetpg
386,there iit indore good amp still struggle
387,didnt
388,hybrid forward ug medical delhi
389,promised also asking come
390,hybrid forward ug medical delhi
391,amazing national prof nk
392,inicet inicet neetpg neetpg
393,inicet inicet neetpg neetpg
394,type minimum o
395,anurag samantaray asish kiit
396,bibi nagar sanctioned medical hasnt given
397,inicet inicet neetpg neetpg
398,died first second india low notable
399,inicet inicet neetpg
400,amazing national prof nk
401,lungtransplant yearold surviving
402,rawatanil says not single set is fully f
403,died first second india low notable
404,aiims
405,hybrid forward ug medical delhi
406,new aiming more increased pm
407,ug download admit card
408,anurag samantaray asish kiit
409,expanding aiims institutes medical
410,is public supposed go r legally licensed
411,cheapest
412,able honble surekhakishore maam organised
413,aiims cheapest
414,private giving good displaying
415,drdhruvchauhan dundarajodhpur drvipinyogi
416,new aiming more increased pm
417,healthcare take
418,th dedicated raising awareness
419,expanding aiims institutes medical
420,anurag samantaray asish kiit
421,is public supposed go r legally licensed
422,face worked hard mbbs medical
423,is public supposed go r legally licensed
424,amp bridges new indian
425,aiims safdarjung
426,know aiims safdarjung vendor
427,set ablaze retired army repeated discriminatory
428,aiims safdarjung iasips respect
429,aiims safdarjung iasips respect
430,aiims safdarjung respect including pl
431,aiims safdarjung iasips respect
432,anurag samantaray asish kiit
433,anurag samantaray asish kiit
434,give set old citygive set old citygive medical set old
435,amazing national
436,oo intellectual never built temple using public built aiims
437,anurag samantaray asish kiit
438,drdhruvchauhan dundarajodhpur drvipinyogi read
439,national tribal live
440,medical taxfree refer
441,anurag samantaray asish kiit
442,anurag samantaray asish kiit
443,anurag samantaray asish kiit
444,counselling start immediately aiims exam faima
445,medical taxfree refer
446,honble tribal announced centre
447,anurag samantaray asish kiit
448,counselling start immediately aiims exam
449,ini ss released know
450,yet surfaced national minor killed
451,oo intellectual never built temple using public built aiims
452,hybrid forward ug medical delhi
453,new stateofart surgical training set come delhi first centr
454,upma remainwith
455,oo intellectual never built temple using public built aiims
456,anurag samantaray asish kiit
457,typewriting
458,aiims getting
459,aiims safdarjung vendor
460,great aiimsrblbest ankitbusy given
461,aiims safdarjung vendor
462,aiims safdarjung iasips respect
463,aiims safdarjung vendor
464,aiims safdarjung respect including pl
465,there respect including aiims street
466,there respect even aiims safdarjung
467,aiims safdarjung respect including pl
468,aiims safdarjung vendor honored
469,u
470,hybrid forward undergraduate medical
471,ankitbusy narendramodi drbharatippawar big
472,honour spend maam
473,done kmy contoura
474,done kmy contoura
475,warm karnataka commitment tripling
476,sunday provide free
477,oo intellectual never built temple using public built aiims
478,patna alumnuss sunday provide free alumnuss
479,oo intellectual never built temple using public built aiims
480,first aiims built surprised know second built
481,drravikhandal fordaindia
482,long took took almost
483,denied securityhe h
484,due come foolish unrest
485,medical taxfree refer
486,santosh neemgi drdattaaiims license necessary open
487,anurag samantaray asish kiit
488,made uturn aiims
489,told made cooper
490,oo intellectual never built temple using public built aiims
491,send
492,aiimsnewdelhi officeofmm max hospital
493,mohfwindia aiimsnewdelhi delhigovdigital
494,long awaited kosi needed
495,died first second india low notable
496,set ablaze retired army repeated discriminatory
497,leak selective suddenly take
498,type minimum o
499,set ablaze retired army repeated discriminatory
500,died first second india low notable
501,ini ss released know
502,happening
503,told made cooper
504,made uturn aiims
505,oo intellectual never built temple using public built aiims
506,died first second india low notable
507,drravikhandal fordaindia
508,medical taxfree refer
509,oo intellectual never built temple using public built aiims
510,give set old citygive set old citygive medical set old
511,anurag samantaray asish kiit
512,hybrid forward undergraduate medical delhiread ani
513,oo intellectual never built temple using public built aiims
514,neemgi drdattaaiims licensing b done away say
515,hybrid forward undergraduate medical
516,i saw medicine missed
517,leak selective suddenly take
518,told made cooper
519,made uturn aiims
520,neemgi drdattaaiims licensing b done away say
521,aiims
522,get daily pg nextpg aiims pg
523,long took took almost
524,rishikesh inaugurated geriatric enhance
525,sksamy used seal wounds international surgical
526,jpnadda lived made striking wore animal
527,patna called turned find elderly first
528,preeti right longest surviving cadaveric cardiac
529,long took took almost
530,anurag samantaray asish kiit
531,santosh neemgi drdattaaiims licensing b done away befor
532,counselling start immediately aiims exam faima
533,adds norcet nursingofficerrec
534,told made cooper
535,made uturn aiims
536,swept sweep aside dastardly incumbent
537,oo intellectual never built temple using public built aiims
538,aiims lung transplant
539,irks pgi
540,anurag samantaray asish kiit
541,participated y organized rishikesh addressed young g
542,died first second india low notable
543,oo intellectual never built temple using public built aiims
544,studied delhi get
545,ianilradadiya
546,oo intellectual never built temple using public built aiims
547,sub urban
548,anurag samantaray asish kiit
549,anurag samantaray asish kiit
550,died first second india low notable
551,anurag samantaray asish kiit
552,medical taxfree refer
553,medical taxfree refer
554,anurag samantaray asish kiit
555,started aiimsdeoghar deoghar inaugurated
556,fordaindia
557,oo intellectual never built temple using public built aiims
558,hybrid forward undergraduate medical
559,type minimum o
560,medical noida timely referral rare
561,drsaurabh now r feeling maybe big
562,neemgi pbmci u decidewhich
563,set ablaze retired army repeated discriminatory
564,oo intellectual never built temple using public built aiims
565,drdhruvchauhan dundarajodhpur drvipinyogi anatomy
566,anurag samantaray asish kiit
567,wishing best focused good
568,type minimum o
569,drdhruvchauhan dundarajodhpur drvipinyogi trained
570,swept sweep aside dastardly incumbent
571,oo intellectual never built temple using public built aiims
572,oo intellectual never built temple using public built aiims
573,type minimum o
574,type minimum o
575,oo intellectual never built temple using public built aiims
576,adds norcet
577,absolute guest topic facial taken
578,able honble surekhakishore maam organised
579,oo intellectual never built temple using public built aiims
580,able honble organised
581,started aiimsdeoghar deoghar inaugurated
582,honble tribal announced centre
583,makes yearbook indian english avid
584,preeti right longest surviving cadaveric cardiac
585,new robotic aiims
586,yes saying laying constructing new
587,preeti right longest surviving cadaveric cardiac
588,oo intellectual never built temple using public built aiims
589,anurag samantaray asish kiit
590,oo intellectual never built temple using public built aiims
591,anurag samantaray asish kiit
592,oo intellectual never built temple using public built aiims
593,drdhruvchauhan dundarajodhpur drvipinyogi honoured
594,neemgi drdattaaiims dont think th
595,died first second india low notable
596,leak selective suddenly take
597,oo intellectual never built temple using public built aiims
598,aiims jodhpurgeneral
599,neemgi drdattaaiims forcing u come
600,aiims new endocrine surgery oral maxillofacial nuclear
601,looking india mere
602,died first second india low notable
603,anurag samantaray asish kiit
604,preeti right longest surviving cadaveric cardiac
605,type minimum o
606,died first second india low notable
607,drdattaaiims come prepared
608,leak selective suddenly take
609,leak selective suddenly take
610,type minimum o
611,died first second india low notable
612,anurag samantaray asish kiit
613,privileged askdheeraj upcoming national
614,lungtransplant yearold surviving
615,died first second india low notable
616,pg exam
617,anurag samantaray asish kiit
618,died first second india low notable
619,best best spe
620,died first second india low notable
621,oo intellectual never built temple using public built aiims
622,type minimum o
623,died first second india low notable
624,narendramodi drsaurabh
625,oo intellectual never built temple using public built aiims
626,privileged askdheeraj upcoming national
627,honble tribal announced centre
628,such poor sitting last train noida electronic miss
629,anurag samantaray asish kiit
630,less go international prime
631,preeti right longest surviving cadaveric cardiac
632,now gorakhpur going advanced aesthetic
633,fgautier great gdp gst
634,recall not feature
635,leak selective suddenly take
636,died first second india low notable
637,recall not feature
638,died first second india low notable
639,anurag samantaray asish kiit
640,need costcall call deoghar telemedicine
641,died first second india low notable
642,type minimum o
643,narendramodi
644,type minimum o
645,died first second india low notable
646,echoindiatrust
647,drdattaaiims very nice instead killing giving directly fire
648,echoindiatrust
649,neemgi narendramodi
650,narendramodi
651,drdattaaiims very nice instead killing giving directly fire
652,hybrid forward undergraduate medical delhiread ani
653,died first second india low notable
654,leak selective suddenly take
655,neemgi narendramodi
656,narendramodi
657,narendramodi
658,honble tribal announced centre
659,started aiimsdeoghar deoghar inaugurated
660,started aiimsdeoghar deoghar inaugurated
661,died first second india low notable
662,died first second india low notable
663,india hybrid forward undergraduate medical delhi
664,wishing best inicetmay easy fantasticneet n
665,privileged upcoming
666,gave powerful emphasized optimal
667,oo intellectual never built temple using public built aiims
668,got dr cfsl mediating mafia political
669,streaming lineup exceptional engaging get ready
670,anurag samantaray asish kiit
671,type minimum o
672,anurag samantaray asish kiit
673,oo intellectual never built temple using public built aiims
674,leak selective suddenly take
675,started aiimsdeoghar deoghar inaugurated
676,oo intellectual never built temple using public built aiims
677,died first second india low notable
678,anurag samantaray asish kiit
679,honble tribal announced centre
680,died first second india low notable
681,upma hypocrites remainwi
682,type minimum o
683,academician best national
684,best well presented y
685,started aiimsdeoghar deoghar inaugurated
686,unforgettable witnessed serene
687,anurag samantaray asish kiit
688,anurag samantaray asish kiit
689,anurag samantaray asish kiit
690,leak selective suddenly take
691,drdhruvchauhan dundarajodhpur making anatomy easy
692,leak selective suddenly take
693,providing providing
694,requested proper aiims nagar patrapada instead
695,intimated departed taking stoppage patrapada
696,started aiimsdeoghar deoghar inaugurated
697,future best neet candidatestoday
698,type minimum o
699,anurag samantaray asish kiit
700,oo intellectual never built temple using public built aiims
701,anurag samantaray asish kiit
702,inaugurated labour
703,nta only even much
704,oo intellectual never built temple using public built aiims
705,anurag samantaray asish kiit
706,anurag samantaray asish kiit
707,aiims lung transplant
708,aiims lung transplant
709,aiims lung transplant
710,hybrid forward undergraduate medical delhiread ani
711,gand dal
712,know removed doses ml
713,drdhruvchauhan dundarajodhpur drvipinyogi aiimsu made sense new
714,oo intellectual never built temple using public built aiims
715,hybrid forward undergraduate medical delhiread ani
716,leak selective suddenly take
717,according hybrid forward undergraduate medical
718,hybrid forward undergraduate medical delhiread
719,yahh getting married dr
720,oo intellectual never built temple using public built aiims
721,kerala chapterid pm extrapulmonary guest manish
722,type minimum o
723,medical taxfree refer
724,type minimum
725,userrlame set
726,oo intellectual never built temple using public built aiims
727,medical appear neet ie amp
728,oo intellectual never built temple using public built aiims
729,go human right social prospective together end joint
730,oo intellectual never built temple using public built aiims
731,civic converted
732,streaming lineup exceptional engaging get ready
733,captivating thoughtprovoking showcasing
734,addressing y wellbeing
735,missed niser missed aiimsdid take aayurvedjoined bsc botany around mon
736,oo intellectual never built temple using public built aiims
737,oo intellectual never built temple using public built aiims
738,oo intellectual never built temple using public built aiims
739,aiimsnewdelhi are indian
740,aiimsiaans
741,kindly ask rishikesh rule pituitary so tall
742,nitingadkari oh
743,believe give best best think india appear
744,leak selective suddenly take
745,challenge dared
746,anurag samantaray asish kiit
747,preeti right longest surviving cadaveric cardiac
748,ayush give allopathic raise
749,surgical training set inaugurated aiims new provide wit
750,good take so
751,nta only even much
752,anurag samantaray asish kiit
753,anurag samantaray asish kiit
754,anurag samantaray asish kiit
755,best delhi waiting
756,are mumbai cooper amp not being proved botch
757,know removed doses ml
758,anurag samantaray asish kiit
759,honoured welfare aws international
760,anurag samantaray asish kiit
761,medical taxfree refer
762,anurag samantaray asish kiit
763,leak selective suddenly take
764,told made cooper
765,made uturn aiims
766,medical taxfree refer
767,remove negative
768,anurag samantaray asish kiit
769,anurag samantaray asish kiit
770,excelsbig kiitiansmr anurag asish
771,anurag samantaray asish kiit
772,anurag samantaray asish kiit
773,preeti right longest surviving cadaveric cardiac
774,neet anchal sir neetug
775,medical taxfree refer
776,aiims organ procurement
777,anurag samantaray asish kiit
778,become new want
779,leak selective suddenly take
780,registering aiimsrda opd dont w
781,anurag samantaray asish kiit
782,told made cooper
783,made uturn aiims
784,anurag samantaray asish kiit
785,itsssr there many keep going little itsssr
786,anurag samantaray asish kiit
787,anurag samantaray asish kiit
788,delhi cheap cystic
789,medical taxfree refer
790,pressurising buy medicine outside admitted general
791,anurag samantaray asish kiit
792,anurag samantaray asish kiit
793,medical taxfree refer
794,medical taxfree refer
795,anurag samantaray asish kiit
796,are mumbai cooper amp not being proved botch
797,anurag samantaray asish kiit
798,anurag samantaray asish kiit
799,inicet manipur shifted guwahaticentre digital
800,drdhruvchauhan dundarajodhpur drvipinyogi aiimsu
801,inicet aiimscardiodocdexterq most common sudden cardiac
802,inicet manipur shifted guwahaticentre digital
803,anurag samantaray asish kiit
804,anurag samantaray asish kiit
805,drdhruvchauhan dundarajodhpur drvipinyogi agree
806,preeti right longest surviving cadaveric cardiac
807,wishing best inicetmay easy fantasticneet n
808,nta only even much
809,wishing best inicetmay easy
810,ajitanjum ani
811,anurag samantaray asish kiit
812,anurag samantaray asish kiit
813,anurag samantaray asish kiit
814,anurag samantaray asish kiit
815,drdhruvchauhan dundarajodhpur making
816,medical taxfree refer
817,anurag samantaray asish kiit
818,anurag samantaray asish kiit
819,anurag samantaray asish kiit
820,nta only even much
821,leak selective suddenly take
822,best milte hai mai
823,anurag samantaray asish kiit
824,anurag samantaray asish kiit
825,delhis proved sitting better virtually read
826,anurag samantaray asish kiit
827,anurag samantaray asish kiit
828,nta only even much
829,nta only even much
830,nta only even much
831,streaming lineup exceptional engaging get ready
832,streaming lineup exceptional engaging get ready
833,captivating thoughtprovoking showcasing
834,nta only even much
835,nta only even much
836,nta only even much
837,nta only even much
838,nta only even much
839,nta only even much
840,nta only even much
841,nta only even much
842,nta only even much
843,nta only even much
844,nta only even much
845,nta only even
846,questioning criminal attacked attacking also
847,very nice instead killing giving directly
848,anurag samantaray asish kiit
849,anurag samantaray asish kiit
850,hands host nationwide tribal
851,drdhruvchauhan dundarajodhpur drvipinyogi know ns
852,drdhruvchauhan dundarajodhpur drvipinyogi
853,drdhruvchauhan dundarajodhpur drvipinyogi first medical
854,drdhruvchauhan dundarajodhpur drvipinyogi thank dr
855,drdhruvchauhan dundarajodhpur drvipinyogi well written
856,drdhruvchauhan dundarajodhpur first still quite
857,drdhruvchauhan dundarajodhpur drvipinyogi sguptamd anatomy
858,drdhruvchauhan dundarajodhpur drvipinyogi legendary
859,drdhruvchauhan dundarajodhpur drvipinyogi aiimsu contribute making
860,drdhruvchauhan dundarajodhpur drvipinyogi remember
861,drdhruvchauhan dundarajodhpur drvipinyogi trained
862,anurag samantaray asish kiit
863,drdhruvchauhan dundarajodhpur drvipinyogi trained
864,drdhruvchauhan dundarajodhpur drvipinyogi
865,norcet
866,say still looking aiims leakwhy
867,narendramodi officeofmm drbharatippawar get
868,able travel current going kindly reschedule
869,asadowaisi old mila
870,anurag samantaray asish kiit
871,anurag samantaray asish kiit
872,medical noida timely referral rare
873,livefrom youth rishikesh discussing vital empowering
874,verify regarding international
875,anurag samantaray asish kiit
876,anurag samantaray asish kiit
877,drdhruvchauhan dundarajodhpur drvipinyogi
878,kerala chapterid pm extrapulmonary guest manish
879,anurag samantaray asish kiit
880,anurag samantaray asish kiit
881,best neetugneetpg
882,best neetugneetpg
883,addressing y wellbeing
884,pm drrakesh
885,best neetugneetpg neetpg
886,anurag samantaray asish kiit
887,drdhruvchauhan dundarajodhpur drvipinyogi
888,able honble surekhakishore maam aiimsgkp
889,anurag samantaray asish kiit
890,anurag samantaray asish kiit
891,anurag samantaray asish kiit
892,anurag samantaray asish kiit
893,providing providing
894,drdhruvchauhan dundarajodhpur drvipinyogi
895,anurag samantaray asish kiit
896,rishikesh took institute
897,anurag samantaray asish kiit
898,anurag samantaray asish kiit
899,anurag samantaray asish kiit
900,anurag samantaray asish kiit
901,anurag samantaray asish kiit
902,anurag samantaray asish kiit
903,participated y organized rishikesh addressed young g
904,anurag samantaray asish kiit
905,anurag samantaray asish kiit
906,sister idc much gets hardwork come true
907,anurag samantaray asish kiit
908,anurag samantaray asish kiit
909,theliverdr helping promote ayurveda nuclear magnetic
910,anurag samantaray asish kiit
911,anurag samantaray asish kiit
912,new declared institute national combined entrance
913,medical taxfree refer
914,anurag samantaray asish kiit
915,anurag samantaray asish kiit
916,anurag samantaray asish kiit
917,inicet manipur shifted guwahaticentre
918,anurag samantaray asish kiit
919,anurag samantaray asish kiit
920,anurag samantaray asish kiit
921,anurag samantaray asish kiit
922,jejunojejunal small
923,anurag samantaray asish kiit
924,anurag samantaray asish
925,still muz always much ahead darbhanga even airport proposed darb
926,providing providing
927,nihfwofficial injecting putrid biological
928,mine definitely just delhi
929,ini ss declared check
930,build built nonewas primitive
931,drdhruvchauhan dundarajodhpur
932,drdhruvchauhan dundarajodhpur drvipinyogi know ns
933,drdhruvchauhan dundarajodhpur drvipinyogi true simplified difficult
934,medical appear neet ie amp
935,aiims rishikesh honble
936,are mumbai cooper amp not being proved botch
937,leak selective suddenly take
938,raebareli marching patient central scientific
939,then dont know
940,medical taxfree refer
941,addressing y wellbeing
942,shit load unethical poor
943,aiims opened july aiims
944,rotating immediately implemented help decreasing involved
945,rishikesh inaugurated geriatric enhance
946,raebareli marching patient central
947,ini shifted guwahati new
948,medical taxfree refer
949,drdhruvchauhan dundarajodhpur drvipinyogi aiimsu contribute making
950,cdcglobal yalemed drjaswantjangra aiimsnewdelhi pypayurved
951,participated y organized rishikesh addressed young g
952,drdhruvchauhan dundarajodhpur drvipinyogi legendary
953,medical taxfree refer
954,give set old citygive set old citygive medical set old
955,leak selective suddenly take
956,stay high iit give middle forced
957,told made cooper
958,made uturn aiims
959,medical taxfree refer
960,medical taxfree refer
961,best aspiring goodluck studyhard
962,drdhruvchauhan dundarajodhpur drvipinyogi sguptamd anatomy
963,echo hands host
964,many amp commit suicide disappointed guilty getting
965,made
966,going autonomous senior also gender
967,many amp commit suicide disappointed guilty getting
968,many amp commit suicide disappointed guilty getting
969,thought u med actually mbbs thought guide u
970,medical taxfree refer
971,drdhruvchauhan dundarajodhpur first still
972,drdhruvchauhan dundarajodhpur drvipinyogi well wri
973,are mumbai cooper amp not being proved botch
974,u forgot neet pan india postponing particular
975,kerala chapterid pm extrapulmonary guest manish
976,leak selective suddenly take
977,potential taken lakhs mbbs aiims build und
978,justicefordishasalian demands ssr casehere
979,followed latha venkatesh aiims always
980,medical taxfree refer
981,justicefordishasalian demands ssr casehere
982,streaming lineup exceptional engaging get ready
983,addressing y wellbeing
984,visited similipal odisha rich
985,helps fight better improved
986,back single made aiims ps
987,are mumbai cooper amp not being proved botch
988,are mumbai cooper amp not being proved botch
989,started bedded covid im wrong
990,medical taxfree refer
991,essiguddabuild iim thenbuild thenbuild medical
