,id,created_at,text
0,1655283005651582977,2023-05-07 18:46:36+00:00,"RT @TheAnkurTyagi: I received 60%+ in 10th and 12th grade.
I received 71% in B-Tech.
I failed in AIEEE &amp; IIT mains.
I did B-Tech in a Tier‚Ä¶"
1,1655282935849979905,2023-05-07 18:46:20+00:00,RT @abdulscumsock: indian education system soo crazy u ask a 4 year old what does he wanna do he's gonna tell u i wanna go to iit roorkee a‚Ä¶
2,1655281975639576576,2023-05-07 18:42:31+00:00,"IIT JEE Advanced Online Form 2023.
#iit
#jee
#sarkarizob https://t.co/haXw1eF5NA"
3,1655281267687182336,2023-05-07 18:39:42+00:00,@caramelboobies Do iit
4,1655281267414532097,2023-05-07 18:39:42+00:00,"RT @RusthumHere: #PawanKalyan Mass Craze Thread üî•

Mass Herolu ante Chala mandhi Gurthostharu.. But Mass Fan Base ante Ustaad @PawanKalyan‚Ä¶"
5,1655281252151459843,2023-05-07 18:39:38+00:00,"Bingo! #JimCourier just repeated what I said out loud: Iit's windy, if temperature drops, that'll benefit #Alcaraz‚Ä¶ https://t.co/AC69AtaxL4"
6,1655281180965748736,2023-05-07 18:39:21+00:00,"@Crabbypixel And it will impact you job position once you got out. 
For ex in my company: iitians got L2
Top 8 Nits‚Ä¶ https://t.co/pCiOF8rZxQ"
7,1655281016565800960,2023-05-07 18:38:42+00:00,"RT @TheAnkurTyagi: I received 60%+ in 10th and 12th grade.
I received 71% in B-Tech.
I failed in AIEEE &amp; IIT mains.
I did B-Tech in a Tier‚Ä¶"
8,1655280859434586112,2023-05-07 18:38:05+00:00,"Team Think India IIT Guwahati wishes you a Happy World Red Cross Day 2023.

Also, on the occasion of World Thalasse‚Ä¶ https://t.co/lKlxW6KMw1"
9,1655280787640442881,2023-05-07 18:37:48+00:00,"RT @TheAnkurTyagi: I received 60%+ in 10th and 12th grade.
I received 71% in B-Tech.
I failed in AIEEE &amp; IIT mains.
I did B-Tech in a Tier‚Ä¶"
10,1655280260525563908,2023-05-07 18:35:42+00:00,"@dmuthuk @narendramodi Example of 1 city in Karnataka, Hubli-Dharwad got IIT, IIIT, Infosys. My city's airport beca‚Ä¶ https://t.co/qpMRlNUbKs"
11,1655280062265192448,2023-05-07 18:34:55+00:00,"RT @TheAnkurTyagi: I received 60%+ in 10th and 12th grade.
I received 71% in B-Tech.
I failed in AIEEE &amp; IIT mains.
I did B-Tech in a Tier‚Ä¶"
12,1655279841611227136,2023-05-07 18:34:02+00:00,"RT @TheAnkurTyagi: I received 60%+ in 10th and 12th grade.
I received 71% in B-Tech.
I failed in AIEEE &amp; IIT mains.
I did B-Tech in a Tier‚Ä¶"
13,1655279552883724288,2023-05-07 18:32:53+00:00,"RT @TheAnkurTyagi: I received 60%+ in 10th and 12th grade.
I received 71% in B-Tech.
I failed in AIEEE &amp; IIT mains.
I did B-Tech in a Tier‚Ä¶"
14,1655279382746001409,2023-05-07 18:32:13+00:00,"RT @TheAnkurTyagi: I received 60%+ in 10th and 12th grade.
I received 71% in B-Tech.
I failed in AIEEE &amp; IIT mains.
I did B-Tech in a Tier‚Ä¶"
15,1655279268098904064,2023-05-07 18:31:45+00:00,@Crabbypixel Tbh i was just feeling blessed while explaining all these. There was a sudden thought what if i didn‚Äôt‚Ä¶ https://t.co/K4OlpkWoxd
16,1655279088347795456,2023-05-07 18:31:02+00:00,"Chess Club IIT Kanpur is finally on Twitter!
@chessiitk"
17,1655279080349245440,2023-05-07 18:31:01+00:00,"RT @TheAnkurTyagi: I received 60%+ in 10th and 12th grade.
I received 71% in B-Tech.
I failed in AIEEE &amp; IIT mains.
I did B-Tech in a Tier‚Ä¶"
18,1655279046497030144,2023-05-07 18:30:52+00:00,"RT @TheAnkurTyagi: I received 60%+ in 10th and 12th grade.
I received 71% in B-Tech.
I failed in AIEEE &amp; IIT mains.
I did B-Tech in a Tier‚Ä¶"
19,1655277922620706817,2023-05-07 18:26:24+00:00,The night life at IIT Roorkee is not just about parties and entertainment. It's also a time when students come toge‚Ä¶ https://t.co/umlbuwhs4X
20,1655277249355210752,2023-05-07 18:23:44+00:00,"RT @TheAnkurTyagi: I received 60%+ in 10th and 12th grade.
I received 71% in B-Tech.
I failed in AIEEE &amp; IIT mains.
I did B-Tech in a Tier‚Ä¶"
21,1655277143759134720,2023-05-07 18:23:19+00:00,"RT @TheAnkurTyagi: I received 60%+ in 10th and 12th grade.
I received 71% in B-Tech.
I failed in AIEEE &amp; IIT mains.
I did B-Tech in a Tier‚Ä¶"
22,1655277133168779264,2023-05-07 18:23:16+00:00,"@TheAnkurTyagi I got almost same marks in same year in UPboard
Failed aieee iit pre. 

Now I am a CA"
23,1655276746025971713,2023-05-07 18:21:44+00:00,@Lord_ofNo_Where @AasiMuneeb We need IIT‚Äôs
24,1655276741785444352,2023-05-07 18:21:43+00:00,"RT @Indemb_Muscat: In Salalah, Amb @Amit_Narang visited Dhofar University @ the invitation of Vice Chancellor Prof Amer bin Ali Al-Rawas. T‚Ä¶"
25,1655275824579506176,2023-05-07 18:18:04+00:00,"RT @TheAnkurTyagi: I received 60%+ in 10th and 12th grade.
I received 71% in B-Tech.
I failed in AIEEE &amp; IIT mains.
I did B-Tech in a Tier‚Ä¶"
26,1655275411020955649,2023-05-07 18:16:26+00:00,@Krishna00101540 And maximum students don't even aim for IIT so yeah engineering is easier than medical mbbs lol
27,1655275045286207488,2023-05-07 18:14:58+00:00,"RT @TheAnkurTyagi: I received 60%+ in 10th and 12th grade.
I received 71% in B-Tech.
I failed in AIEEE &amp; IIT mains.
I did B-Tech in a Tier‚Ä¶"
28,1655274964621332485,2023-05-07 18:14:39+00:00,"RT @TheAnkurTyagi: I received 60%+ in 10th and 12th grade.
I received 71% in B-Tech.
I failed in AIEEE &amp; IIT mains.
I did B-Tech in a Tier‚Ä¶"
29,1655274483824095232,2023-05-07 18:12:45+00:00,"Fan of IIT, but not fan of PCM https://t.co/ibVogfMdIe"
30,1655274228701343745,2023-05-07 18:11:44+00:00,"RT @TheAnkurTyagi: I received 60%+ in 10th and 12th grade.
I received 71% in B-Tech.
I failed in AIEEE &amp; IIT mains.
I did B-Tech in a Tier‚Ä¶"
31,1655273992633352192,2023-05-07 18:10:48+00:00,"RT @TheAnkurTyagi: I received 60%+ in 10th and 12th grade.
I received 71% in B-Tech.
I failed in AIEEE &amp; IIT mains.
I did B-Tech in a Tier‚Ä¶"
32,1655273880603459584,2023-05-07 18:10:21+00:00,"RT @TheAnkurTyagi: I received 60%+ in 10th and 12th grade.
I received 71% in B-Tech.
I failed in AIEEE &amp; IIT mains.
I did B-Tech in a Tier‚Ä¶"
33,1655273444882382849,2023-05-07 18:08:37+00:00,"RT @TheAnkurTyagi: I received 60%+ in 10th and 12th grade.
I received 71% in B-Tech.
I failed in AIEEE &amp; IIT mains.
I did B-Tech in a Tier‚Ä¶"
34,1655273080628076544,2023-05-07 18:07:10+00:00,"RT @TheAnkurTyagi: I received 60%+ in 10th and 12th grade.
I received 71% in B-Tech.
I failed in AIEEE &amp; IIT mains.
I did B-Tech in a Tier‚Ä¶"
35,1655272866152316928,2023-05-07 18:06:19+00:00,You can take RCB at place of LSG but Final and winner won't change see you at the end of IPL.
36,1655272590913728513,2023-05-07 18:05:13+00:00,"RT @TheAnkurTyagi: I received 60%+ in 10th and 12th grade.
I received 71% in B-Tech.
I failed in AIEEE &amp; IIT mains.
I did B-Tech in a Tier‚Ä¶"
37,1655272577173184514,2023-05-07 18:05:10+00:00,"RT @TheAnkurTyagi: I received 60%+ in 10th and 12th grade.
I received 71% in B-Tech.
I failed in AIEEE &amp; IIT mains.
I did B-Tech in a Tier‚Ä¶"
38,1655272479601070080,2023-05-07 18:04:47+00:00,"My predictions for playoff 
GT 
CSK
LSG
MI
Final GTvsCSK
Winner GT #IPL"
39,1655272457157357569,2023-05-07 18:04:41+00:00,"RT @TheAnkurTyagi: I received 60%+ in 10th and 12th grade.
I received 71% in B-Tech.
I failed in AIEEE &amp; IIT mains.
I did B-Tech in a Tier‚Ä¶"
40,1655272413490184192,2023-05-07 18:04:31+00:00,"RT @TheAnkurTyagi: I received 60%+ in 10th and 12th grade.
I received 71% in B-Tech.
I failed in AIEEE &amp; IIT mains.
I did B-Tech in a Tier‚Ä¶"
41,1655272382519742464,2023-05-07 18:04:24+00:00,"RT @TheAnkurTyagi: I received 60%+ in 10th and 12th grade.
I received 71% in B-Tech.
I failed in AIEEE &amp; IIT mains.
I did B-Tech in a Tier‚Ä¶"
42,1655272332561358848,2023-05-07 18:04:12+00:00,"RT @TheAnkurTyagi: I received 60%+ in 10th and 12th grade.
I received 71% in B-Tech.
I failed in AIEEE &amp; IIT mains.
I did B-Tech in a Tier‚Ä¶"
43,1655272327725342720,2023-05-07 18:04:11+00:00,"RT @TheAnkurTyagi: I received 60%+ in 10th and 12th grade.
I received 71% in B-Tech.
I failed in AIEEE &amp; IIT mains.
I did B-Tech in a Tier‚Ä¶"
44,1655272303016697857,2023-05-07 18:04:05+00:00,"RT @TheAnkurTyagi: I received 60%+ in 10th and 12th grade.
I received 71% in B-Tech.
I failed in AIEEE &amp; IIT mains.
I did B-Tech in a Tier‚Ä¶"
45,1655272271802675200,2023-05-07 18:03:57+00:00,"RT @TheAnkurTyagi: I received 60%+ in 10th and 12th grade.
I received 71% in B-Tech.
I failed in AIEEE &amp; IIT mains.
I did B-Tech in a Tier‚Ä¶"
46,1655272144291655680,2023-05-07 18:03:27+00:00,@love_liv_laf My angst when I wanted to study #Medical n not #IIT though I had #3013 rank as I had üôè
47,1655271724097630209,2023-05-07 18:01:47+00:00,"IIT Kanpur's eMasters Degree in Communication Systems to diversify domain expertise

https://t.co/KX9X6REHs3
https://t.co/KX9X6REHs3"
48,1655271634817921024,2023-05-07 18:01:25+00:00,"RT @sidin: Netflix is sitting on a goldmine

Indian Batchmaking: IIT entrance
Indian Catchmaking: Cricket
Indian Natchmaking: Choreography‚Ä¶"
49,1655271124421451777,2023-05-07 17:59:24+00:00,"RT @TheAnkurTyagi: I received 60%+ in 10th and 12th grade.
I received 71% in B-Tech.
I failed in AIEEE &amp; IIT mains.
I did B-Tech in a Tier‚Ä¶"
50,1655271071967481857,2023-05-07 17:59:11+00:00,"RT @TheAnkurTyagi: I received 60%+ in 10th and 12th grade.
I received 71% in B-Tech.
I failed in AIEEE &amp; IIT mains.
I did B-Tech in a Tier‚Ä¶"
51,1655270836700585984,2023-05-07 17:58:15+00:00,"RT @TheAnkurTyagi: I received 60%+ in 10th and 12th grade.
I received 71% in B-Tech.
I failed in AIEEE &amp; IIT mains.
I did B-Tech in a Tier‚Ä¶"
52,1655270031226462208,2023-05-07 17:55:03+00:00,"RT @simplilearn: Upskill with in-demand Blockchain skills &amp; tools in the #1 Bootcamp without quitting jobs.

‚Ä¢ Professional Certificate Pro‚Ä¶"
53,1655269964897714176,2023-05-07 17:54:47+00:00,"RT @TheAnkurTyagi: I received 60%+ in 10th and 12th grade.
I received 71% in B-Tech.
I failed in AIEEE &amp; IIT mains.
I did B-Tech in a Tier‚Ä¶"
54,1655269906450108416,2023-05-07 17:54:33+00:00,"RT @TheAnkurTyagi: I received 60%+ in 10th and 12th grade.
I received 71% in B-Tech.
I failed in AIEEE &amp; IIT mains.
I did B-Tech in a Tier‚Ä¶"
55,1655269753580027906,2023-05-07 17:53:57+00:00,"RT @TheAnkurTyagi: I received 60%+ in 10th and 12th grade.
I received 71% in B-Tech.
I failed in AIEEE &amp; IIT mains.
I did B-Tech in a Tier‚Ä¶"
56,1655269433320013824,2023-05-07 17:52:40+00:00,"RT @TheAnkurTyagi: I received 60%+ in 10th and 12th grade.
I received 71% in B-Tech.
I failed in AIEEE &amp; IIT mains.
I did B-Tech in a Tier‚Ä¶"
57,1655269011725209600,2023-05-07 17:51:00+00:00,RT @Dev_Discourse: IIT Kanpur's eMasters Degree in Communication Systems to diversify domain expertise https://t.co/NSPcvNNmDm
58,1655268953432948736,2023-05-07 17:50:46+00:00,"RT @TheAnkurTyagi: I received 60%+ in 10th and 12th grade.
I received 71% in B-Tech.
I failed in AIEEE &amp; IIT mains.
I did B-Tech in a Tier‚Ä¶"
59,1655268740261613568,2023-05-07 17:49:55+00:00,"RT @aipangirl: Art Exhibition in IIT Kanpur üåº
Vlog ‚ù§Ô∏èüëá
https://t.co/Z4KB1zzZUa https://t.co/qGHAeHqPSf"
60,1655268736969093120,2023-05-07 17:49:54+00:00,RT @SukheshKariappa: @prettypadmaja @Jairam_Ramesh Looking at jairam ramesh and kejriwal.. i am losing faith on IIT
61,1655268581943439360,2023-05-07 17:49:17+00:00,RT @ACERT11: ADMISSION OPEN FOR GATE &amp;  IIT JAM COACHING ( 2024 &amp; 2025 BATCH) https://t.co/xcEZMJt7Fo
62,1655268330587176960,2023-05-07 17:48:18+00:00,"RT @TheAnkurTyagi: I received 60%+ in 10th and 12th grade.
I received 71% in B-Tech.
I failed in AIEEE &amp; IIT mains.
I did B-Tech in a Tier‚Ä¶"
63,1655268311431802880,2023-05-07 17:48:13+00:00,RT @SukheshKariappa: @prettypadmaja @Jairam_Ramesh Looking at jairam ramesh and kejriwal.. i am losing faith on IIT
64,1655268028542775296,2023-05-07 17:47:06+00:00,"RT @TheAnkurTyagi: I received 60%+ in 10th and 12th grade.
I received 71% in B-Tech.
I failed in AIEEE &amp; IIT mains.
I did B-Tech in a Tier‚Ä¶"
65,1655267929255194624,2023-05-07 17:46:42+00:00,"@rajasthanroyals IPL is finished for me today . Hats off to Script writer , I will watch WWE . Bye bye cricket love‚Ä¶ https://t.co/RUtLivuEVt"
66,1655267484121923585,2023-05-07 17:44:56+00:00,"RT @TheAnkurTyagi: I received 60%+ in 10th and 12th grade.
I received 71% in B-Tech.
I failed in AIEEE &amp; IIT mains.
I did B-Tech in a Tier‚Ä¶"
67,1655267269793157120,2023-05-07 17:44:05+00:00,"RT @TheAnkurTyagi: I received 60%+ in 10th and 12th grade.
I received 71% in B-Tech.
I failed in AIEEE &amp; IIT mains.
I did B-Tech in a Tier‚Ä¶"
68,1655267117372162049,2023-05-07 17:43:28+00:00,"RT @TheAnkurTyagi: I received 60%+ in 10th and 12th grade.
I received 71% in B-Tech.
I failed in AIEEE &amp; IIT mains.
I did B-Tech in a Tier‚Ä¶"
69,1655267081305329665,2023-05-07 17:43:20+00:00,"RT @TheAnkurTyagi: I received 60%+ in 10th and 12th grade.
I received 71% in B-Tech.
I failed in AIEEE &amp; IIT mains.
I did B-Tech in a Tier‚Ä¶"
70,1655267056500211712,2023-05-07 17:43:14+00:00,"RT @TheAnkurTyagi: I received 60%+ in 10th and 12th grade.
I received 71% in B-Tech.
I failed in AIEEE &amp; IIT mains.
I did B-Tech in a Tier‚Ä¶"
71,1655266830653734912,2023-05-07 17:42:20+00:00,"RT @TheAnkurTyagi: I received 60%+ in 10th and 12th grade.
I received 71% in B-Tech.
I failed in AIEEE &amp; IIT mains.
I did B-Tech in a Tier‚Ä¶"
72,1655266526424104961,2023-05-07 17:41:07+00:00,"RT @TheAnkurTyagi: I received 60%+ in 10th and 12th grade.
I received 71% in B-Tech.
I failed in AIEEE &amp; IIT mains.
I did B-Tech in a Tier‚Ä¶"
73,1655266503921631232,2023-05-07 17:41:02+00:00,"RT @TheAnkurTyagi: I received 60%+ in 10th and 12th grade.
I received 71% in B-Tech.
I failed in AIEEE &amp; IIT mains.
I did B-Tech in a Tier‚Ä¶"
74,1655266495923130373,2023-05-07 17:41:00+00:00,@rajasthanroyals Want to see how IPL matches are fixed ? Just watch RR matches .
75,1655266286170177536,2023-05-07 17:40:10+00:00,"RT @TheAnkurTyagi: I received 60%+ in 10th and 12th grade.
I received 71% in B-Tech.
I failed in AIEEE &amp; IIT mains.
I did B-Tech in a Tier‚Ä¶"
76,1655265983261716480,2023-05-07 17:38:58+00:00,"RT @TheAnkurTyagi: I received 60%+ in 10th and 12th grade.
I received 71% in B-Tech.
I failed in AIEEE &amp; IIT mains.
I did B-Tech in a Tier‚Ä¶"
77,1655265780777222144,2023-05-07 17:38:10+00:00,"RT @RusthumHere: #PawanKalyan Mass Craze Thread üî•

Mass Herolu ante Chala mandhi Gurthostharu.. But Mass Fan Base ante Ustaad @PawanKalyan‚Ä¶"
78,1655265150629449728,2023-05-07 17:35:39+00:00,"RT @TheAnkurTyagi: I received 60%+ in 10th and 12th grade.
I received 71% in B-Tech.
I failed in AIEEE &amp; IIT mains.
I did B-Tech in a Tier‚Ä¶"
79,1655265129565675521,2023-05-07 17:35:34+00:00,"RT @TheAnkurTyagi: I received 60%+ in 10th and 12th grade.
I received 71% in B-Tech.
I failed in AIEEE &amp; IIT mains.
I did B-Tech in a Tier‚Ä¶"
80,1655265046644277248,2023-05-07 17:35:15+00:00,"RT @TheAnkurTyagi: I received 60%+ in 10th and 12th grade.
I received 71% in B-Tech.
I failed in AIEEE &amp; IIT mains.
I did B-Tech in a Tier‚Ä¶"
81,1655264978528796674,2023-05-07 17:34:58+00:00,"RT @TheAnkurTyagi: I received 60%+ in 10th and 12th grade.
I received 71% in B-Tech.
I failed in AIEEE &amp; IIT mains.
I did B-Tech in a Tier‚Ä¶"
82,1655264291078176769,2023-05-07 17:32:14+00:00,"RT @TheAnkurTyagi: I received 60%+ in 10th and 12th grade.
I received 71% in B-Tech.
I failed in AIEEE &amp; IIT mains.
I did B-Tech in a Tier‚Ä¶"
83,1655264286338580480,2023-05-07 17:32:13+00:00,"RT @TheAnkurTyagi: I received 60%+ in 10th and 12th grade.
I received 71% in B-Tech.
I failed in AIEEE &amp; IIT mains.
I did B-Tech in a Tier‚Ä¶"
84,1655264208827686916,2023-05-07 17:31:55+00:00,"@KishorKumaarKK_ @nanuramu Not sure about that. I know that my city Dharwad got IIT, IIIT, Jayadeva hospital,  my c‚Ä¶ https://t.co/ZEcadRZLss"
85,1655264093383585792,2023-05-07 17:31:27+00:00,@ughimsoquirky Don't do iit!
86,1655263594689470464,2023-05-07 17:29:28+00:00,"RT @Shubham58815500: Heyy @DG_NTA @IITGuwahati  i am a dropper and scored 70% in 12th boards,i have qualified my jee mains and now prep for‚Ä¶"
87,1655263563597099008,2023-05-07 17:29:21+00:00,"RT @TheAnkurTyagi: I received 60%+ in 10th and 12th grade.
I received 71% in B-Tech.
I failed in AIEEE &amp; IIT mains.
I did B-Tech in a Tier‚Ä¶"
88,1655263444193402883,2023-05-07 17:28:53+00:00,Watching track &amp; field makes me want to sprint some 100s .. then I remember ion got iit like that no moe nd the urg‚Ä¶ https://t.co/ogDbXUVxrC
89,1655263378091253760,2023-05-07 17:28:37+00:00,@rohith_simha That's because most of them know about the good work done by Modi. In my city itself we got IIT. This‚Ä¶ https://t.co/V20sNiLVr3
90,1655263208947744768,2023-05-07 17:27:56+00:00,"RT @RusthumHere: #PawanKalyan Mass Craze Thread üî•

Mass Herolu ante Chala mandhi Gurthostharu.. But Mass Fan Base ante Ustaad @PawanKalyan‚Ä¶"
91,1655262299106451461,2023-05-07 17:24:20+00:00,"RT @TheAnkurTyagi: I received 60%+ in 10th and 12th grade.
I received 71% in B-Tech.
I failed in AIEEE &amp; IIT mains.
I did B-Tech in a Tier‚Ä¶"
92,1655262021695471616,2023-05-07 17:23:13+00:00,"RT @TheAnkurTyagi: I received 60%+ in 10th and 12th grade.
I received 71% in B-Tech.
I failed in AIEEE &amp; IIT mains.
I did B-Tech in a Tier‚Ä¶"
93,1655261247334674432,2023-05-07 17:20:09+00:00,"RT @TheAnkurTyagi: I received 60%+ in 10th and 12th grade.
I received 71% in B-Tech.
I failed in AIEEE &amp; IIT mains.
I did B-Tech in a Tier‚Ä¶"
94,1655260711977902080,2023-05-07 17:18:01+00:00,"RT @TheAnkurTyagi: I received 60%+ in 10th and 12th grade.
I received 71% in B-Tech.
I failed in AIEEE &amp; IIT mains.
I did B-Tech in a Tier‚Ä¶"
95,1655260077987868674,2023-05-07 17:15:30+00:00,@yashcandycrush bro you look like that guy from v-defyn group in iit delhiüò≠
96,1655260027777867777,2023-05-07 17:15:18+00:00,"RT @TheAnkurTyagi: I received 60%+ in 10th and 12th grade.
I received 71% in B-Tech.
I failed in AIEEE &amp; IIT mains.
I did B-Tech in a Tier‚Ä¶"
97,1655260000330334208,2023-05-07 17:15:11+00:00,@nimbaram @aajtak @sanjoomewati @RahulGandhi @SachinPilot @INCIndia @INCKarnataka @siddaramaiah @DKShivakumar‚Ä¶ https://t.co/otNICFVEKJ
98,1655259898484240384,2023-05-07 17:14:47+00:00,"RT @TheAnkurTyagi: I received 60%+ in 10th and 12th grade.
I received 71% in B-Tech.
I failed in AIEEE &amp; IIT mains.
I did B-Tech in a Tier‚Ä¶"
99,1655259275311316995,2023-05-07 17:12:19+00:00,"RT @TheAnkurTyagi: I received 60%+ in 10th and 12th grade.
I received 71% in B-Tech.
I failed in AIEEE &amp; IIT mains.
I did B-Tech in a Tier‚Ä¶"
100,1655258951880171522,2023-05-07 17:11:02+00:00,"RT @TheAnkurTyagi: I received 60%+ in 10th and 12th grade.
I received 71% in B-Tech.
I failed in AIEEE &amp; IIT mains.
I did B-Tech in a Tier‚Ä¶"
101,1655258447665848325,2023-05-07 17:09:01+00:00,"RT @TheAnkurTyagi: I received 60%+ in 10th and 12th grade.
I received 71% in B-Tech.
I failed in AIEEE &amp; IIT mains.
I did B-Tech in a Tier‚Ä¶"
102,1655258334084079616,2023-05-07 17:08:34+00:00,"RT @TheAnkurTyagi: I received 60%+ in 10th and 12th grade.
I received 71% in B-Tech.
I failed in AIEEE &amp; IIT mains.
I did B-Tech in a Tier‚Ä¶"
103,1655258176705679364,2023-05-07 17:07:57+00:00,"#IIT @iitdelhi #plagiarism #ethics
Self-plagiarism by Emeritus Prof. T.C. Kandpal, Centre for Energy Studies, IIT D‚Ä¶ https://t.co/jkC6NIRAG8"
104,1655257925840171008,2023-05-07 17:06:57+00:00,"Aare bro , There was a senior in my high school, that guy was an above avg student in school, took a gap for IIT bu‚Ä¶ https://t.co/YoyC4YvoH5"
105,1655257800635740161,2023-05-07 17:06:27+00:00,"RT @TheAnkurTyagi: I received 60%+ in 10th and 12th grade.
I received 71% in B-Tech.
I failed in AIEEE &amp; IIT mains.
I did B-Tech in a Tier‚Ä¶"
106,1655257509509349377,2023-05-07 17:05:18+00:00,"RT @TheAnkurTyagi: I received 60%+ in 10th and 12th grade.
I received 71% in B-Tech.
I failed in AIEEE &amp; IIT mains.
I did B-Tech in a Tier‚Ä¶"
107,1655257368211648512,2023-05-07 17:04:44+00:00,"RT @TheAnkurTyagi: I received 60%+ in 10th and 12th grade.
I received 71% in B-Tech.
I failed in AIEEE &amp; IIT mains.
I did B-Tech in a Tier‚Ä¶"
108,1655257001709158400,2023-05-07 17:03:17+00:00,"RT @TheAnkurTyagi: I received 60%+ in 10th and 12th grade.
I received 71% in B-Tech.
I failed in AIEEE &amp; IIT mains.
I did B-Tech in a Tier‚Ä¶"
109,1655256738700967942,2023-05-07 17:02:14+00:00,"RT @TheAnkurTyagi: I received 60%+ in 10th and 12th grade.
I received 71% in B-Tech.
I failed in AIEEE &amp; IIT mains.
I did B-Tech in a Tier‚Ä¶"
110,1655256377802252288,2023-05-07 17:00:48+00:00,"RT @RusthumHere: #PawanKalyan Mass Craze Thread üî•

Mass Herolu ante Chala mandhi Gurthostharu.. But Mass Fan Base ante Ustaad @PawanKalyan‚Ä¶"
111,1655255863240839169,2023-05-07 16:58:45+00:00,"RT @RusthumHere: #PawanKalyan Mass Craze Thread üî•

Mass Herolu ante Chala mandhi Gurthostharu.. But Mass Fan Base ante Ustaad @PawanKalyan‚Ä¶"
112,1655255788359929857,2023-05-07 16:58:27+00:00,@va_nshbaba iit neet ? ü§¢
113,1655255767841406976,2023-05-07 16:58:22+00:00,@DG_NTA  sir my form is not fill yet so i can request jee advaced side re open some fev min only i am humble request for iit quwahati
114,1655255621757984769,2023-05-07 16:57:48+00:00,It's very unjustice to the people who have qualified jee main but would'nt be join NIT's &amp; IIT's just because of 75‚Ä¶ https://t.co/CfPwBOSFig
115,1655255593261862912,2023-05-07 16:57:41+00:00,"RT @TheAnkurTyagi: I received 60%+ in 10th and 12th grade.
I received 71% in B-Tech.
I failed in AIEEE &amp; IIT mains.
I did B-Tech in a Tier‚Ä¶"
116,1655255103761420288,2023-05-07 16:55:44+00:00,"RT @TheAnkurTyagi: I received 60%+ in 10th and 12th grade.
I received 71% in B-Tech.
I failed in AIEEE &amp; IIT mains.
I did B-Tech in a Tier‚Ä¶"
117,1655255069955338240,2023-05-07 16:55:36+00:00,"@AshishGupta325 Ex IIM and Ex IIT are here in fintwit for a noble cause.
A cause of curing the money laundering in‚Ä¶ https://t.co/GEnMICzMsz"
118,1655254902250291200,2023-05-07 16:54:56+00:00,"RT @TheAnkurTyagi: I received 60%+ in 10th and 12th grade.
I received 71% in B-Tech.
I failed in AIEEE &amp; IIT mains.
I did B-Tech in a Tier‚Ä¶"
119,1655254638260809731,2023-05-07 16:53:53+00:00,@niiravmodi Naaah bro nimo.....this is IIM level marketing from a IIT prof...how can i too make 500IQ moves...teach sensei
120,1655254398589890560,2023-05-07 16:52:56+00:00,"RT @TheAnkurTyagi: I received 60%+ in 10th and 12th grade.
I received 71% in B-Tech.
I failed in AIEEE &amp; IIT mains.
I did B-Tech in a Tier‚Ä¶"
121,1655254312409530369,2023-05-07 16:52:35+00:00,"RT @TheAnkurTyagi: I received 60%+ in 10th and 12th grade.
I received 71% in B-Tech.
I failed in AIEEE &amp; IIT mains.
I did B-Tech in a Tier‚Ä¶"
122,1655254107391705092,2023-05-07 16:51:46+00:00,aunties will want anything. this one auntie wants me to marry her son just because he's in IIT. https://t.co/pK1YNWnO0k
123,1655254105374494721,2023-05-07 16:51:46+00:00,"RT @TheAnkurTyagi: I received 60%+ in 10th and 12th grade.
I received 71% in B-Tech.
I failed in AIEEE &amp; IIT mains.
I did B-Tech in a Tier‚Ä¶"
124,1655253652884410370,2023-05-07 16:49:58+00:00,"RT @TheAnkurTyagi: I received 60%+ in 10th and 12th grade.
I received 71% in B-Tech.
I failed in AIEEE &amp; IIT mains.
I did B-Tech in a Tier‚Ä¶"
125,1655253211480211461,2023-05-07 16:48:13+00:00,"RT @TheAnkurTyagi: I received 60%+ in 10th and 12th grade.
I received 71% in B-Tech.
I failed in AIEEE &amp; IIT mains.
I did B-Tech in a Tier‚Ä¶"
126,1655252856566583296,2023-05-07 16:46:48+00:00,"@tweets_tinku Think you haven't followed the trend when he came few times . 
The so called brave man was shown blac‚Ä¶ https://t.co/6At4egrFz7"
127,1655252506061180929,2023-05-07 16:45:25+00:00,@dsen1302 Damn IIT Delhi pays real good it seems
128,1655252477208576000,2023-05-07 16:45:18+00:00,"RT @barandbench: IIT JEE Mains: Bombay High Court rejects PIL seeking relaxation of 75% eligibility criteria

reports @Neha_Jozie 
#BombayH‚Ä¶"
129,1655252465846210561,2023-05-07 16:45:15+00:00,"RT @RNagothu: It is suggested that the rules regarding female ornaments, footwear, and clothing for exams such as IIT, JEE, and NEET, which‚Ä¶"
130,1655252213005189121,2023-05-07 16:44:15+00:00,"RT @TheAnkurTyagi: I received 60%+ in 10th and 12th grade.
I received 71% in B-Tech.
I failed in AIEEE &amp; IIT mains.
I did B-Tech in a Tier‚Ä¶"
131,1655252114736836610,2023-05-07 16:43:51+00:00,@Jairam_Ramesh Sir it‚Äôs sad to see an IIT alumnus talking like an uneducated politician Who nationalised the banks?‚Ä¶ https://t.co/9bmMQlJHGC
132,1655251759986790400,2023-05-07 16:42:27+00:00,"RT @TheAnkurTyagi: I received 60%+ in 10th and 12th grade.
I received 71% in B-Tech.
I failed in AIEEE &amp; IIT mains.
I did B-Tech in a Tier‚Ä¶"
133,1655251120107974658,2023-05-07 16:39:54+00:00,"RT @TheAnkurTyagi: I received 60%+ in 10th and 12th grade.
I received 71% in B-Tech.
I failed in AIEEE &amp; IIT mains.
I did B-Tech in a Tier‚Ä¶"
134,1655249952937852929,2023-05-07 16:35:16+00:00,"RT @TheAnkurTyagi: I received 60%+ in 10th and 12th grade.
I received 71% in B-Tech.
I failed in AIEEE &amp; IIT mains.
I did B-Tech in a Tier‚Ä¶"
135,1655249674453016577,2023-05-07 16:34:10+00:00,@VivekMandloi14 @kirat_tw also becouse most of us are not from iit. m from tier-3 college and also pass out 2021 my‚Ä¶ https://t.co/VwJCh5HChG
136,1655249569788350464,2023-05-07 16:33:45+00:00,"RT @TheAnkurTyagi: I received 60%+ in 10th and 12th grade.
I received 71% in B-Tech.
I failed in AIEEE &amp; IIT mains.
I did B-Tech in a Tier‚Ä¶"
137,1655249199649153028,2023-05-07 16:32:16+00:00,"IIT Bombay Suicide Case: Mumbai Court Grants Bail To Darshan Solanki‚Äôs Accused Classmate

#IITBombay‚Ä¶ https://t.co/HiqqT2xkWr"
138,1655248981927268352,2023-05-07 16:31:24+00:00,"RT @ramgopal_rao: Sharing a post by Prof. Subhasis Chaudhuri, Director IIT Bombay. It is about a JEE Adv qualified student missing his IIT‚Ä¶"
139,1655248752104574977,2023-05-07 16:30:30+00:00,"RT @RusthumHere: #PawanKalyan Mass Craze Thread üî•

Mass Herolu ante Chala mandhi Gurthostharu.. But Mass Fan Base ante Ustaad @PawanKalyan‚Ä¶"
140,1655247510187769856,2023-05-07 16:25:34+00:00,@RobinTenTwo U GET IIT LMFAO
141,1655247406244728834,2023-05-07 16:25:09+00:00,"RT @TheAnkurTyagi: I received 60%+ in 10th and 12th grade.
I received 71% in B-Tech.
I failed in AIEEE &amp; IIT mains.
I did B-Tech in a Tier‚Ä¶"
142,1655247117366235136,2023-05-07 16:24:00+00:00,"RT @TheAnkurTyagi: I received 60%+ in 10th and 12th grade.
I received 71% in B-Tech.
I failed in AIEEE &amp; IIT mains.
I did B-Tech in a Tier‚Ä¶"
143,1655247098798030850,2023-05-07 16:23:56+00:00,"RT @TheAnkurTyagi: I received 60%+ in 10th and 12th grade.
I received 71% in B-Tech.
I failed in AIEEE &amp; IIT mains.
I did B-Tech in a Tier‚Ä¶"
144,1655246817808863232,2023-05-07 16:22:49+00:00,"RT @TheAnkurTyagi: I received 60%+ in 10th and 12th grade.
I received 71% in B-Tech.
I failed in AIEEE &amp; IIT mains.
I did B-Tech in a Tier‚Ä¶"
145,1655246780974628869,2023-05-07 16:22:40+00:00,"RT @TheAnkurTyagi: I received 60%+ in 10th and 12th grade.
I received 71% in B-Tech.
I failed in AIEEE &amp; IIT mains.
I did B-Tech in a Tier‚Ä¶"
146,1655246508139376640,2023-05-07 16:21:35+00:00,"RT @TheAnkurTyagi: I received 60%+ in 10th and 12th grade.
I received 71% in B-Tech.
I failed in AIEEE &amp; IIT mains.
I did B-Tech in a Tier‚Ä¶"
147,1655246145684406273,2023-05-07 16:20:08+00:00,"RT @TheAnkurTyagi: I received 60%+ in 10th and 12th grade.
I received 71% in B-Tech.
I failed in AIEEE &amp; IIT mains.
I did B-Tech in a Tier‚Ä¶"
148,1655245783355252737,2023-05-07 16:18:42+00:00,@Vaibhav_AAP @AamAadmiParty IIT pass sultan of delhi https://t.co/EctIWsA2sj
149,1655245597111390213,2023-05-07 16:17:57+00:00,"RT @Techfest_IITB: Get ready to be lost in #space as we separate fact from fiction in the mind-bending sci-fi epic, #Interstellar!

Buckle‚Ä¶"
150,1655245583899082755,2023-05-07 16:17:54+00:00,"RT @RusthumHere: #PawanKalyan Mass Craze Thread üî•

Mass Herolu ante Chala mandhi Gurthostharu.. But Mass Fan Base ante Ustaad @PawanKalyan‚Ä¶"
151,1655245572193026049,2023-05-07 16:17:52+00:00,"RT @TheAnkurTyagi: I received 60%+ in 10th and 12th grade.
I received 71% in B-Tech.
I failed in AIEEE &amp; IIT mains.
I did B-Tech in a Tier‚Ä¶"
152,1655245565498900483,2023-05-07 16:17:50+00:00,"RT @TheAnkurTyagi: I received 60%+ in 10th and 12th grade.
I received 71% in B-Tech.
I failed in AIEEE &amp; IIT mains.
I did B-Tech in a Tier‚Ä¶"
153,1655245129794600962,2023-05-07 16:16:06+00:00,"RT @TheAnkurTyagi: I received 60%+ in 10th and 12th grade.
I received 71% in B-Tech.
I failed in AIEEE &amp; IIT mains.
I did B-Tech in a Tier‚Ä¶"
154,1655244670761594882,2023-05-07 16:14:17+00:00,"RT @aipangirl: Art Exhibition in IIT Kanpur üåº
Vlog ‚ù§Ô∏èüëá
https://t.co/Z4KB1zzZUa https://t.co/qGHAeHqPSf"
155,1655244587051683840,2023-05-07 16:13:57+00:00,@ZulfiqarAhmed69 IIT of  üáµüá∞ ?
156,1655244526053896192,2023-05-07 16:13:42+00:00,"RT @AskAnshul: 1. IIT Mandi researchers has developed technology to make military equipment less visible to radar.

2. Samsung to make Gala‚Ä¶"
157,1655244045961117696,2023-05-07 16:11:48+00:00,There are women I grew up with  who I deal with. re friends of the teaching racket. I had family come through our h‚Ä¶ https://t.co/N8I7a6m1dR
158,1655243515973222400,2023-05-07 16:09:41+00:00,"RT @RusthumHere: #PawanKalyan Mass Craze Thread üî•

Mass Herolu ante Chala mandhi Gurthostharu.. But Mass Fan Base ante Ustaad @PawanKalyan‚Ä¶"
159,1655243364718252032,2023-05-07 16:09:05+00:00,"@ChouhanShivraj sir ji Ekatmadam me 
Best Cultural Centre with Yoga&amp; Gurukul( with IIT standard) institute 
Name SI‚Ä¶ https://t.co/iuuAoSCzC8"
160,1655243253300748288,2023-05-07 16:08:39+00:00,RT @iitbombay: IIT Bombay is happy to welcome Punjab delegates for Yuva Sangam https://t.co/gKxzhNIrkj
161,1655243224926093313,2023-05-07 16:08:32+00:00,"RT @Indemb_Muscat: In Salalah, Amb @Amit_Narang visited Dhofar University @ the invitation of Vice Chancellor Prof Amer bin Ali Al-Rawas. T‚Ä¶"
162,1655242523852558336,2023-05-07 16:05:45+00:00,"RT @TheAnkurTyagi: I received 60%+ in 10th and 12th grade.
I received 71% in B-Tech.
I failed in AIEEE &amp; IIT mains.
I did B-Tech in a Tier‚Ä¶"
163,1655242523600887809,2023-05-07 16:05:45+00:00,"RT @PIBMumbai: #YuvaSangam is taking place in @iitbombay 

Team Punjab reached Mumbai today morning. They will tour IIT Bombay campus today‚Ä¶"
164,1655242329064869889,2023-05-07 16:04:58+00:00,RT @himantabiswa: The randomization and allocation of departments for the successful candidates of Grade 3 positions are currently underway‚Ä¶
165,1655242174097678336,2023-05-07 16:04:21+00:00,"RT @TheAnkurTyagi: I received 60%+ in 10th and 12th grade.
I received 71% in B-Tech.
I failed in AIEEE &amp; IIT mains.
I did B-Tech in a Tier‚Ä¶"
166,1655242160718102528,2023-05-07 16:04:18+00:00,"RT @IIPE_vizag: 2023 Batch Placement‚Äôs Testimonial.

#iipe #iipeplacements #mopng #mnre #iit #iitjeeadvanced #2023campusplacements #pmo #oi‚Ä¶"
167,1655241996527886337,2023-05-07 16:03:39+00:00,"RT @TheAnkurTyagi: I received 60%+ in 10th and 12th grade.
I received 71% in B-Tech.
I failed in AIEEE &amp; IIT mains.
I did B-Tech in a Tier‚Ä¶"
168,1655241892227956738,2023-05-07 16:03:14+00:00,Thanks Awanish and Kanika for the dinner invite. Awanish (ex-NISERite) is a senior fellow at CERN &amp; works in the ar‚Ä¶ https://t.co/5iUPC6dFkL
169,1655241844274663424,2023-05-07 16:03:03+00:00,"RT @ArnazHathiram: Its time Indian men (especially IAS/IPS/IIT/IIM boys) start demanding equal salary earning brides

Come out of your drea‚Ä¶"
170,1655241835919593477,2023-05-07 16:03:01+00:00,@nkanekal @Jahnabee @livemint @myfreshtohome I loved that this went beyond the IIT/IIM/Delhi/Mumbai/NCR framework.‚Ä¶ https://t.co/4RFI1bQzeI
171,1655241422822359044,2023-05-07 16:01:22+00:00,"üéì Exciting news! Meet our 2023 Honorary Degree recipients - Richard Conviser, Ed Kaplan, Jeanne Rowe, and Liz Thomp‚Ä¶ https://t.co/HSnbi9hdcv"
172,1655240969749696513,2023-05-07 15:59:34+00:00,"2023 Batch Placement‚Äôs Testimonial.

#iipe #iipeplacements #mopng #mnre #iit #iitjeeadvanced #2023campusplacements‚Ä¶ https://t.co/ZlmvA2FWYP"
173,1655240761884180481,2023-05-07 15:58:45+00:00,@dhaval94 @INCIndia @priyankagandhi IIT sector as a whole sanghi . Infosys was established under congress govt .sil‚Ä¶ https://t.co/HQsRlI7qQd
174,1655240727524425730,2023-05-07 15:58:36+00:00,RT @darshanpathak: IIT Bombay and MIT alumni ladies and gentlemen. I think these people deliberately act dumb to make the prince look intel‚Ä¶
175,1655240608183885824,2023-05-07 15:58:08+00:00,"RT @sidin: Netflix is sitting on a goldmine

Indian Batchmaking: IIT entrance
Indian Catchmaking: Cricket
Indian Natchmaking: Choreography‚Ä¶"
176,1655240547869622277,2023-05-07 15:57:54+00:00,"RT @TheAnkurTyagi: I received 60%+ in 10th and 12th grade.
I received 71% in B-Tech.
I failed in AIEEE &amp; IIT mains.
I did B-Tech in a Tier‚Ä¶"
177,1655240326322487299,2023-05-07 15:57:01+00:00,@sanchit_gs @IITBforBharat is sponsoring for 51 girls to watch #TheKeralaStory in campus of IIT Bombay. If you want‚Ä¶ https://t.co/OUxKRsXnQm
178,1655240291253915648,2023-05-07 15:56:52+00:00,"RT @TheAnkurTyagi: I received 60%+ in 10th and 12th grade.
I received 71% in B-Tech.
I failed in AIEEE &amp; IIT mains.
I did B-Tech in a Tier‚Ä¶"
179,1655240281921589248,2023-05-07 15:56:50+00:00,"RT @TheAnkurTyagi: I received 60%+ in 10th and 12th grade.
I received 71% in B-Tech.
I failed in AIEEE &amp; IIT mains.
I did B-Tech in a Tier‚Ä¶"
180,1655240086152200194,2023-05-07 15:56:04+00:00,RT @SHAUN19012: @FortniteStatus They is a god dam bug fix it I want my reward I work hard all day iit says 5/6 I played all maps help me lo‚Ä¶
181,1655240065398849536,2023-05-07 15:55:59+00:00,@FortniteStatus They is a god dam bug fix it I want my reward I work hard all day iit says 5/6 I played all maps he‚Ä¶ https://t.co/zykYsKVrsg
182,1655239779632685058,2023-05-07 15:54:50+00:00,"RT @Techfest_IITB: Get ready to be lost in #space as we separate fact from fiction in the mind-bending sci-fi epic, #Interstellar!

Buckle‚Ä¶"
183,1655239151686668290,2023-05-07 15:52:21+00:00,"RT @TheAnkurTyagi: I received 60%+ in 10th and 12th grade.
I received 71% in B-Tech.
I failed in AIEEE &amp; IIT mains.
I did B-Tech in a Tier‚Ä¶"
184,1655238953761480704,2023-05-07 15:51:34+00:00,@HatokTalk I think it's interesting ideologically to imply that iit's better for you to bond with who someone is th‚Ä¶ https://t.co/EJss2xUEWs
185,1655238899877416960,2023-05-07 15:51:21+00:00,"RT @RusthumHere: #PawanKalyan Mass Craze Thread üî•

Mass Herolu ante Chala mandhi Gurthostharu.. But Mass Fan Base ante Ustaad @PawanKalyan‚Ä¶"
186,1655238720142942211,2023-05-07 15:50:38+00:00,RT @vivekatray: IIT Madras students during an informal interaction with Yours Truly after a session on Defeating Procrastination and Stress‚Ä¶
187,1655238557626236929,2023-05-07 15:49:59+00:00,"Forget airport to IIT Madras, he didn't dare travel by road from IIT Madras to Cancer Institute (gates are 100m apa‚Ä¶ https://t.co/U0InoQZPFv"
188,1655238245712789504,2023-05-07 15:48:45+00:00,"RT @TheAnkurTyagi: I received 60%+ in 10th and 12th grade.
I received 71% in B-Tech.
I failed in AIEEE &amp; IIT mains.
I did B-Tech in a Tier‚Ä¶"
189,1655238237538103298,2023-05-07 15:48:43+00:00,@wtfsoham @VatsSShah2 @ThePhDPlace To differentiate from iit ropar.. iit rk for roorkee
190,1655238142881071104,2023-05-07 15:48:20+00:00,"RT @TheAnkurTyagi: I received 60%+ in 10th and 12th grade.
I received 71% in B-Tech.
I failed in AIEEE &amp; IIT mains.
I did B-Tech in a Tier‚Ä¶"
191,1655237468977856521,2023-05-07 15:45:40+00:00,"RT @TheAnkurTyagi: I received 60%+ in 10th and 12th grade.
I received 71% in B-Tech.
I failed in AIEEE &amp; IIT mains.
I did B-Tech in a Tier‚Ä¶"
192,1655237463500259330,2023-05-07 15:45:38+00:00,"RT @TheAnkurTyagi: I received 60%+ in 10th and 12th grade.
I received 71% in B-Tech.
I failed in AIEEE &amp; IIT mains.
I did B-Tech in a Tier‚Ä¶"
193,1655237254690775041,2023-05-07 15:44:48+00:00,Assistant professor position requires 10 years must Postdoc experience for @FollowDbtNibmg. Even IIT/IISER/IISc req‚Ä¶ https://t.co/FQXkhoiS8f
194,1655236859784744960,2023-05-07 15:43:14+00:00,"RT @simplilearn: Upskill with in-demand Blockchain skills &amp; tools in the #1 Bootcamp without quitting jobs.

‚Ä¢ Professional Certificate Pro‚Ä¶"
195,1655236582549356544,2023-05-07 15:42:08+00:00,"@TheAnkurTyagi Not clearing IIT AND AIEEE is not failure Ankur!
71% in btech is a pretty good score!
Engineering fr‚Ä¶ https://t.co/hO2U5pePeI"
196,1655236515537244161,2023-05-07 15:41:52+00:00,@arshiet Trust me medicine is overrated. Had I done IT Engg from some IIT I would‚Äôve had been in the USA earning so‚Ä¶ https://t.co/tklWFwlqnO
197,1655236223772811266,2023-05-07 15:40:43+00:00,@niiravmodi Your bio says IIT KGP ? Can‚Äôt believe how you got there ?
198,1655236193934508032,2023-05-07 15:40:36+00:00,"In the month of May, is mother's day, I bought mother a pair of Capezio ball room dance tango shoes, and a pair cro‚Ä¶ https://t.co/OWdHJ5Nqmx"
199,1655236102025019392,2023-05-07 15:40:14+00:00,"RT @SwaroopAkriti: CFA &amp; Microcap Investor | Ex-Credit Suisse Research | IIT Kharagpur | IIM Calcutta 

Get information and insights about‚Ä¶"
200,1655236069493964801,2023-05-07 15:40:06+00:00,"RT @TheAnkurTyagi: I received 60%+ in 10th and 12th grade.
I received 71% in B-Tech.
I failed in AIEEE &amp; IIT mains.
I did B-Tech in a Tier‚Ä¶"
201,1655236022500720643,2023-05-07 15:39:55+00:00,@calebyung How much sir
202,1655235977919569922,2023-05-07 15:39:44+00:00,"@RailwaySeva @AshwiniVaishnaw @drmkgp 
I have booked a ticket of 22823 Rajdhani express for my wife on 9th May usin‚Ä¶ https://t.co/3XTDXBLrLf"
203,1655235880934846465,2023-05-07 15:39:21+00:00,"RT @TheAnkurTyagi: I received 60%+ in 10th and 12th grade.
I received 71% in B-Tech.
I failed in AIEEE &amp; IIT mains.
I did B-Tech in a Tier‚Ä¶"
204,1655235748310953984,2023-05-07 15:38:49+00:00,"RT @Veenu55052850: Only privilege was an internet connection‚Äô: SC, ST, OBC, students cracking IIT JEE without coaching https://t.co/9C9MHrR‚Ä¶"
205,1655235684133912576,2023-05-07 15:38:34+00:00,"Meet Anand Shukla and Srinivasan Venkatachary, two IIT-alumni who are key players in Apple vs Google AI war - msnNOW https://t.co/yFMxS4w9Uf"
206,1655235638617321472,2023-05-07 15:38:23+00:00,@Dravidian1967 Sure... Currently I'm doing Bsc in Zoology....and preparing for IIT JAM....
207,1655235484204023808,2023-05-07 15:37:46+00:00,"RT @TheAnkurTyagi: I received 60%+ in 10th and 12th grade.
I received 71% in B-Tech.
I failed in AIEEE &amp; IIT mains.
I did B-Tech in a Tier‚Ä¶"
208,1655234982783369224,2023-05-07 15:35:47+00:00,"RT @TheAnkurTyagi: I received 60%+ in 10th and 12th grade.
I received 71% in B-Tech.
I failed in AIEEE &amp; IIT mains.
I did B-Tech in a Tier‚Ä¶"
209,1655234950709542912,2023-05-07 15:35:39+00:00,"RT @TheAnkurTyagi: I received 60%+ in 10th and 12th grade.
I received 71% in B-Tech.
I failed in AIEEE &amp; IIT mains.
I did B-Tech in a Tier‚Ä¶"
210,1655234832128159744,2023-05-07 15:35:11+00:00,"RT @pawanyadav8: @narendramodi @INCIndia was taking 85% commission still they made so many PSU, IIT,IIM, AIIMS, roads, Airports, Railways,‚Ä¶"
211,1655234392426512387,2023-05-07 15:33:26+00:00,"@devinamehra The eyeball economy is actually a real thing though, 21 year old social media influencers are making m‚Ä¶ https://t.co/ZTdaYeGaAJ"
212,1655234353289658368,2023-05-07 15:33:17+00:00,"RT @TheAnkurTyagi: I received 60%+ in 10th and 12th grade.
I received 71% in B-Tech.
I failed in AIEEE &amp; IIT mains.
I did B-Tech in a Tier‚Ä¶"
213,1655232987494232064,2023-05-07 15:27:51+00:00,"RT @TheAnkurTyagi: I received 60%+ in 10th and 12th grade.
I received 71% in B-Tech.
I failed in AIEEE &amp; IIT mains.
I did B-Tech in a Tier‚Ä¶"
214,1655232541333536769,2023-05-07 15:26:05+00:00,IIT students know how to hit the JEE spot.
215,1655232394109108226,2023-05-07 15:25:30+00:00,"RT @TheAnkurTyagi: I received 60%+ in 10th and 12th grade.
I received 71% in B-Tech.
I failed in AIEEE &amp; IIT mains.
I did B-Tech in a Tier‚Ä¶"
216,1655232199577473024,2023-05-07 15:24:43+00:00,@TheAnkurTyagi I am no different. Passed 2nd division from the same UP Board. Didn‚Äôt cleared 12th with flying color‚Ä¶ https://t.co/ZmRbQcoD2W
217,1655232084946964482,2023-05-07 15:24:16+00:00,"In accordance with that, #Pehchaan announces its volunteers of the month.

School Outreach: Vivek Kumar
School Outr‚Ä¶ https://t.co/POqtpi3ffi"
218,1655232009239949314,2023-05-07 15:23:58+00:00,"RT @sidin: Netflix is sitting on a goldmine

Indian Batchmaking: IIT entrance
Indian Catchmaking: Cricket
Indian Natchmaking: Choreography‚Ä¶"
219,1655231686521786368,2023-05-07 15:22:41+00:00,IIT Bombay and MIT alumni ladies and gentlemen. I think these people deliberately act dumb to make the prince look‚Ä¶ https://t.co/RJ3rGYGMYi
220,1655231249433362432,2023-05-07 15:20:57+00:00,"RT @TheAnkurTyagi: I received 60%+ in 10th and 12th grade.
I received 71% in B-Tech.
I failed in AIEEE &amp; IIT mains.
I did B-Tech in a Tier‚Ä¶"
221,1655231057791430656,2023-05-07 15:20:11+00:00,@VivekMandloi14 @kirat_tw Or I guess a lot of his viewers have already seen a lot of x years after IIT sort of vide‚Ä¶ https://t.co/iukDi80yRO
222,1655231020273405953,2023-05-07 15:20:02+00:00,"IIT-Gandhinagar researchers develop new range of wearable sensors 
#cbd #followme #followback #Cannabidiol
https://t.co/1FASiRMskY"
223,1655231014313263107,2023-05-07 15:20:01+00:00,"RT @TheAnkurTyagi: I received 60%+ in 10th and 12th grade.
I received 71% in B-Tech.
I failed in AIEEE &amp; IIT mains.
I did B-Tech in a Tier‚Ä¶"
224,1655230978737197057,2023-05-07 15:19:52+00:00,"RT @TheAnkurTyagi: I received 60%+ in 10th and 12th grade.
I received 71% in B-Tech.
I failed in AIEEE &amp; IIT mains.
I did B-Tech in a Tier‚Ä¶"
225,1655230284177211393,2023-05-07 15:17:07+00:00,"RT @SwaroopAkriti: CFA &amp; Microcap Investor | Ex-Credit Suisse Research | IIT Kharagpur | IIM Calcutta 

Get information and insights about‚Ä¶"
226,1655229976885755906,2023-05-07 15:15:53+00:00,"RT @TheAnkurTyagi: I received 60%+ in 10th and 12th grade.
I received 71% in B-Tech.
I failed in AIEEE &amp; IIT mains.
I did B-Tech in a Tier‚Ä¶"
227,1655229721683320833,2023-05-07 15:14:52+00:00,"RT @TheAnkurTyagi: I received 60%+ in 10th and 12th grade.
I received 71% in B-Tech.
I failed in AIEEE &amp; IIT mains.
I did B-Tech in a Tier‚Ä¶"
228,1655229691186536449,2023-05-07 15:14:45+00:00,"RT @TheAnkurTyagi: I received 60%+ in 10th and 12th grade.
I received 71% in B-Tech.
I failed in AIEEE &amp; IIT mains.
I did B-Tech in a Tier‚Ä¶"
229,1655229191456198656,2023-05-07 15:12:46+00:00,"RT @TheAnkurTyagi: I received 60%+ in 10th and 12th grade.
I received 71% in B-Tech.
I failed in AIEEE &amp; IIT mains.
I did B-Tech in a Tier‚Ä¶"
230,1655228566743945216,2023-05-07 15:10:17+00:00,"@AamAadmiParty Election result se pehle hi congress bjp saaf 

Waah or ye IIT se padha h @ArvindKejriwal"
231,1655228399231852545,2023-05-07 15:09:37+00:00,"RT @ThinkX9: Congress was busy building Universities/Colleges/schools, steel plants, Hydro/Thermal/Nuclear plants, dams, roads, railways,br‚Ä¶"
232,1655228203357831170,2023-05-07 15:08:50+00:00,"RT @TheAnkurTyagi: I received 60%+ in 10th and 12th grade.
I received 71% in B-Tech.
I failed in AIEEE &amp; IIT mains.
I did B-Tech in a Tier‚Ä¶"
233,1655228111338831874,2023-05-07 15:08:29+00:00,"RT @TheAnkurTyagi: I received 60%+ in 10th and 12th grade.
I received 71% in B-Tech.
I failed in AIEEE &amp; IIT mains.
I did B-Tech in a Tier‚Ä¶"
234,1655227863275290624,2023-05-07 15:07:29+00:00,"RT @SophiaKianni: It is estimated that 16% of climate finance needs are currently being met. In order to meet our climate objectives, clima‚Ä¶"
235,1655227626477477888,2023-05-07 15:06:33+00:00,"@BanarasKe SSSM - few Rs
KV - few Rs
Railway Schools - few Rs 
NIT - few thousands
IIT - a lakh"
236,1655227622597730306,2023-05-07 15:06:32+00:00,"RT @TheAnkurTyagi: I received 60%+ in 10th and 12th grade.
I received 71% in B-Tech.
I failed in AIEEE &amp; IIT mains.
I did B-Tech in a Tier‚Ä¶"
237,1655227494956683264,2023-05-07 15:06:02+00:00,"RT @TheAnkurTyagi: I received 60%+ in 10th and 12th grade.
I received 71% in B-Tech.
I failed in AIEEE &amp; IIT mains.
I did B-Tech in a Tier‚Ä¶"
238,1655227039501418496,2023-05-07 15:04:13+00:00,"RT @TheAnkurTyagi: I received 60%+ in 10th and 12th grade.
I received 71% in B-Tech.
I failed in AIEEE &amp; IIT mains.
I did B-Tech in a Tier‚Ä¶"
239,1655227010409730050,2023-05-07 15:04:06+00:00,"@LagrangianSad Internship kar, paper likh, do iit stuff idk"
240,1655226964192505856,2023-05-07 15:03:55+00:00,"RT @TheAnkurTyagi: I received 60%+ in 10th and 12th grade.
I received 71% in B-Tech.
I failed in AIEEE &amp; IIT mains.
I did B-Tech in a Tier‚Ä¶"
241,1655226803215282176,2023-05-07 15:03:17+00:00,"RT @TheAnkurTyagi: I received 60%+ in 10th and 12th grade.
I received 71% in B-Tech.
I failed in AIEEE &amp; IIT mains.
I did B-Tech in a Tier‚Ä¶"
242,1655226790099693568,2023-05-07 15:03:14+00:00,I said Iit first. LoL https://t.co/AEajKr41Q0
243,1655226572075589640,2023-05-07 15:02:22+00:00,@Nandeshku @Profdilipmandal Are yaar judiciary iit professor chancellor governors bjp president community party pre‚Ä¶ https://t.co/OSWyDa0cG2
244,1655226571190579200,2023-05-07 15:02:21+00:00,"RT @TheAnkurTyagi: I received 60%+ in 10th and 12th grade.
I received 71% in B-Tech.
I failed in AIEEE &amp; IIT mains.
I did B-Tech in a Tier‚Ä¶"
245,1655226436092055552,2023-05-07 15:01:49+00:00,"RT @TheAnkurTyagi: I received 60%+ in 10th and 12th grade.
I received 71% in B-Tech.
I failed in AIEEE &amp; IIT mains.
I did B-Tech in a Tier‚Ä¶"
246,1655225791746277378,2023-05-07 14:59:16+00:00,@Badri_Arvind @engg_uc Nice to have an IIT tag.. but the way they are being used in Fintwit is insane üòÇ
247,1655225414179258368,2023-05-07 14:57:45+00:00,"RT @ThinkX9: Congress was busy building Universities/Colleges/schools, steel plants, Hydro/Thermal/Nuclear plants, dams, roads, railways,br‚Ä¶"
248,1655225011236421633,2023-05-07 14:56:09+00:00,"RT @TheAnkurTyagi: I received 60%+ in 10th and 12th grade.
I received 71% in B-Tech.
I failed in AIEEE &amp; IIT mains.
I did B-Tech in a Tier‚Ä¶"
249,1655224923638358020,2023-05-07 14:55:49+00:00,"RT @amitmad13292137: @TheLallantop please help for dropper students in IIT jee to #remove75criteria2023 @pmoindia @IIT_guwahati   
@AajTak"
250,1655224737394737153,2023-05-07 14:55:04+00:00,"@RustAlgo @engg_uc TIL one can get Civil for 9700 at BHU. During my time, i think it used to close around early 300‚Ä¶ https://t.co/0zJVlTZ1kA"
251,1655224549305098240,2023-05-07 14:54:19+00:00,üò≠üò≠üò≠iit would break my heart if this turned in to another Pogba situation man https://t.co/xOcjzn8LgD
252,1655224361941602304,2023-05-07 14:53:35+00:00,"RT @TheAnkurTyagi: I received 60%+ in 10th and 12th grade.
I received 71% in B-Tech.
I failed in AIEEE &amp; IIT mains.
I did B-Tech in a Tier‚Ä¶"
253,1655224218244747264,2023-05-07 14:53:00+00:00,"RT @vishnu_prasad23: @anubha1812 Mam.. There are no improvement exams available in tamil nadu ... Even If I get 74 % in the boards , I can‚Ä¶"
254,1655223868712443905,2023-05-07 14:51:37+00:00,"RT @TheAnkurTyagi: I received 60%+ in 10th and 12th grade.
I received 71% in B-Tech.
I failed in AIEEE &amp; IIT mains.
I did B-Tech in a Tier‚Ä¶"
255,1655223791172325377,2023-05-07 14:51:19+00:00,"RT @Techfest_IITB: Get ready to be lost in #space as we separate fact from fiction in the mind-bending sci-fi epic, #Interstellar!

Buckle‚Ä¶"
256,1655223094859149312,2023-05-07 14:48:33+00:00,"RT @RusthumHere: #PawanKalyan Mass Craze Thread üî•

Mass Herolu ante Chala mandhi Gurthostharu.. But Mass Fan Base ante Ustaad @PawanKalyan‚Ä¶"
257,1655222782907789312,2023-05-07 14:47:18+00:00,Here we go iit failure strikes againü§° https://t.co/NwH5Eexzk8
258,1655222760086425600,2023-05-07 14:47:13+00:00,"@deity_earth @amazing_physics Iit could be that that the mind is not here at all, just like when you control a char‚Ä¶ https://t.co/a4BAxtaFYk"
259,1655222637105143810,2023-05-07 14:46:43+00:00,"RT @TheAnkurTyagi: I received 60%+ in 10th and 12th grade.
I received 71% in B-Tech.
I failed in AIEEE &amp; IIT mains.
I did B-Tech in a Tier‚Ä¶"
260,1655222370406404096,2023-05-07 14:45:40+00:00,"@techly360 @bineetmishra @ANI Everything is available here these are IIT, IIM AIIMS students."
261,1655222119016562698,2023-05-07 14:44:40+00:00,"I did not know that BHU had an IIT
So @engg_uc got 9700 rank and was  supposed to get IIT BHU Civil eng. He opted f‚Ä¶ https://t.co/MYPXaNyrhE"
262,1655221884609343490,2023-05-07 14:43:44+00:00,heartfelt thanks to BuzzOnEarth and IIT Kanpur for this incredible honor. We are proud to be associated with such v‚Ä¶ https://t.co/dIG7gtMTpW
263,1655221718695174152,2023-05-07 14:43:04+00:00,@neeldhara Would get back to this once I have a desk in 6 years hopefully at some iit üòÅüôà
264,1655221681592610817,2023-05-07 14:42:56+00:00,RT @malpani: Far more impressive than a high score in the JEE ! But the poor guy won't get admission into IIT because he can't speak Englis‚Ä¶
265,1655221530224361477,2023-05-07 14:42:19+00:00,"RT @NTanjore: @Jairam_Ramesh What a parochial mindset mr Jairam! All education at IIT,Cornell total waste! These banks were subsumed in con‚Ä¶"
266,1655221418823659521,2023-05-07 14:41:53+00:00,"RT @TheAnkurTyagi: I received 60%+ in 10th and 12th grade.
I received 71% in B-Tech.
I failed in AIEEE &amp; IIT mains.
I did B-Tech in a Tier‚Ä¶"
267,1655220968711659521,2023-05-07 14:40:06+00:00,"RT @sidin: Netflix is sitting on a goldmine

Indian Batchmaking: IIT entrance
Indian Catchmaking: Cricket
Indian Natchmaking: Choreography‚Ä¶"
268,1655220743691706369,2023-05-07 14:39:12+00:00,"RT @TheAnkurTyagi: I received 60%+ in 10th and 12th grade.
I received 71% in B-Tech.
I failed in AIEEE &amp; IIT mains.
I did B-Tech in a Tier‚Ä¶"
269,1655220421103439872,2023-05-07 14:37:55+00:00,"RT @TheAnkurTyagi: I received 60%+ in 10th and 12th grade.
I received 71% in B-Tech.
I failed in AIEEE &amp; IIT mains.
I did B-Tech in a Tier‚Ä¶"
270,1655219983448969219,2023-05-07 14:36:11+00:00,"RT @TheAnkurTyagi: I received 60%+ in 10th and 12th grade.
I received 71% in B-Tech.
I failed in AIEEE &amp; IIT mains.
I did B-Tech in a Tier‚Ä¶"
271,1655219950565621765,2023-05-07 14:36:03+00:00,"RT @TheAnkurTyagi: I received 60%+ in 10th and 12th grade.
I received 71% in B-Tech.
I failed in AIEEE &amp; IIT mains.
I did B-Tech in a Tier‚Ä¶"
272,1655219921960464385,2023-05-07 14:35:56+00:00,@Trainer_Infee IIT student what a joke
273,1655219714849927173,2023-05-07 14:35:07+00:00,"RT @TheAnkurTyagi: I received 60%+ in 10th and 12th grade.
I received 71% in B-Tech.
I failed in AIEEE &amp; IIT mains.
I did B-Tech in a Tier‚Ä¶"
274,1655219665843658755,2023-05-07 14:34:55+00:00,"RT @TheAnkurTyagi: I received 60%+ in 10th and 12th grade.
I received 71% in B-Tech.
I failed in AIEEE &amp; IIT mains.
I did B-Tech in a Tier‚Ä¶"
275,1655219534574522368,2023-05-07 14:34:24+00:00,"RT @RusthumHere: #PawanKalyan Mass Craze Thread üî•

Mass Herolu ante Chala mandhi Gurthostharu.. But Mass Fan Base ante Ustaad @PawanKalyan‚Ä¶"
276,1655219188166963200,2023-05-07 14:33:01+00:00,"@DreamDetective1 @LisaChristiePhD What do I think about Tononi's Integrated Information Theory (IIT):

As a physici‚Ä¶ https://t.co/FsFEuzyNUb"
277,1655219049008353280,2023-05-07 14:32:28+00:00,@prettypadmaja @Jairam_Ramesh Looking at jairam ramesh and kejriwal.. i am losing faith on IIT
278,1655219041789960193,2023-05-07 14:32:26+00:00,@JustinsRoomie @rainy___dae You cleared iit/neet?
279,1655218721366097925,2023-05-07 14:31:10+00:00,@abhilohani20 @prettypadmaja @Jairam_Ramesh Looking at jairam ramesh and kejriwal.. i am losing faith on IIT.
280,1655218642760667136,2023-05-07 14:30:51+00:00,"RT @RusthumHere: #PawanKalyan Mass Craze Thread üî•

Mass Herolu ante Chala mandhi Gurthostharu.. But Mass Fan Base ante Ustaad @PawanKalyan‚Ä¶"
281,1655218446479638528,2023-05-07 14:30:04+00:00,"RT @pawanyadav8: @narendramodi @INCIndia was taking 85% commission still they made so many PSU, IIT,IIM, AIIMS, roads, Airports, Railways,‚Ä¶"
282,1655217878499721217,2023-05-07 14:27:49+00:00,"RT @RusthumHere: #PawanKalyan Mass Craze Thread üî•

Mass Herolu ante Chala mandhi Gurthostharu.. But Mass Fan Base ante Ustaad @PawanKalyan‚Ä¶"
283,1655217022266150912,2023-05-07 14:24:25+00:00,"and started calculating her score, and as she was calculating her score, her tensed face turned into a joyful face.‚Ä¶ https://t.co/f9xa8hlVtQ"
284,1655216948563542020,2023-05-07 14:24:07+00:00,"Episode - 34!

Happy Sunday! Happy Learning!!

Our Science channel on YouTube - Rupesh Verma IIT Guwahati https://t.co/9dfly8yrq6"
285,1655216872026169345,2023-05-07 14:23:49+00:00,"@Jairam_Ramesh What a parochial mindset mr Jairam! All education at IIT,Cornell total waste! These banks were subsu‚Ä¶ https://t.co/oj3eQK2s0q"
286,1655216343736782850,2023-05-07 14:21:43+00:00,"Congress was busy building Universities/Colleges/schools, steel plants, Hydro/Thermal/Nuclear plants, dams, roads,‚Ä¶ https://t.co/hBorsyirCQ"
287,1655215735487201280,2023-05-07 14:19:18+00:00,RT @AwasthiAwanishK: CS&amp;E Professor Shashi Shekhar to Lead New $20M AI Institute https://t.co/FrIhEt1cp7‚Ä¶‚Ä¶..my batchmate from IIT KANPUR!
288,1655215685667278849,2023-05-07 14:19:06+00:00,CS&amp;E Professor Shashi Shekhar to Lead New $20M AI Institute https://t.co/FrIhEt1cp7‚Ä¶‚Ä¶..my batchmate from IIT KANPUR!
289,1655215573977157633,2023-05-07 14:18:39+00:00,"RT @TheAnkurTyagi: I received 60%+ in 10th and 12th grade.
I received 71% in B-Tech.
I failed in AIEEE &amp; IIT mains.
I did B-Tech in a Tier‚Ä¶"
290,1655215563323367425,2023-05-07 14:18:37+00:00,"RT @TheAnkurTyagi: I received 60%+ in 10th and 12th grade.
I received 71% in B-Tech.
I failed in AIEEE &amp; IIT mains.
I did B-Tech in a Tier‚Ä¶"
291,1655215488807608322,2023-05-07 14:18:19+00:00,"RT @SwaroopAkriti: CFA &amp; Microcap Investor | Ex-Credit Suisse Research | IIT Kharagpur | IIM Calcutta 

Get information and insights about‚Ä¶"
292,1655213919378743297,2023-05-07 14:12:05+00:00,esex was so bad i had to fake a disconnect to escape iit
293,1655213735970213891,2023-05-07 14:11:21+00:00,"RT @pawanyadav8: @narendramodi @INCIndia was taking 85% commission still they made so many PSU, IIT,IIM, AIIMS, roads, Airports, Railways,‚Ä¶"
294,1655213514804588546,2023-05-07 14:10:28+00:00,"RT @TheAnkurTyagi: I received 60%+ in 10th and 12th grade.
I received 71% in B-Tech.
I failed in AIEEE &amp; IIT mains.
I did B-Tech in a Tier‚Ä¶"
295,1655213448207409152,2023-05-07 14:10:13+00:00,"RT @detective_jj: ‚Äπ ùô≥ùô¥ùöÉùô¥ùô≤ùöÉùô∏ùöÖùô¥ ùô∞ùô∂ùô¥ùôΩùô≤ùöà ‚Äî ùü∑ùüπùü∏ùüπùôπ ‚Ä∫
ùë∞ùíá ùíòùíÜ ùíÑùíÇùíè'ùíï ùíîùíêùíçùíóùíÜ ùíäùíï, ùíèùíê ùíêùíèùíÜ ùíÑùíÇùíè!
‚≠ë‚≠ë

‚Ö∞) ùü∏ùü∂ùü∏ùüπ.ùü∂ùüº.ùü∂ùü∏ - ùü∏ùü∂ùü∏ùüπ.ùü∂ùüº.ùü∂ùü∫
‚Ö±) ùô≤ùô∞ùôµùô¥ùü∏ùüΩùüπùü∫

#1323J_ÌÉêÏ†ïÏÇ¨Î¨¥ÏÜå_Ïùò‚Ä¶"
296,1655213330657837057,2023-05-07 14:09:45+00:00,"RT @Veenu55052850: Only privilege was an internet connection‚Äô: SC, ST, OBC, students cracking IIT JEE without coaching https://t.co/9C9MHrR‚Ä¶"
297,1655213023345139715,2023-05-07 14:08:31+00:00,"RT @TheAnkurTyagi: I received 60%+ in 10th and 12th grade.
I received 71% in B-Tech.
I failed in AIEEE &amp; IIT mains.
I did B-Tech in a Tier‚Ä¶"
298,1655213003825098752,2023-05-07 14:08:27+00:00,"@sucharita_BJP She is having IIT, btech ( electrical) degree with 10 cgpa ü§£ü§£ü§£ü§£ü§£... Trip.. Wth... She is our honoura‚Ä¶ https://t.co/lYlPK4ns6s"
299,1655212831493722112,2023-05-07 14:07:46+00:00,"RT @TheAnkurTyagi: I received 60%+ in 10th and 12th grade.
I received 71% in B-Tech.
I failed in AIEEE &amp; IIT mains.
I did B-Tech in a Tier‚Ä¶"
300,1655212648328470529,2023-05-07 14:07:02+00:00,"RT @arnab_gautam: From Tezpur University to Gujarat's IIT Gandhinagar... Travelling multi-hundred kilometres, I gained a lifetime experienc‚Ä¶"
301,1655212625737940992,2023-05-07 14:06:56+00:00,"RT @TheAnkurTyagi: I received 60%+ in 10th and 12th grade.
I received 71% in B-Tech.
I failed in AIEEE &amp; IIT mains.
I did B-Tech in a Tier‚Ä¶"
302,1655212581575876610,2023-05-07 14:06:46+00:00,"RT @simplilearn: Upskill with in-demand Blockchain skills &amp; tools in the #1 Bootcamp without quitting jobs.

‚Ä¢ Professional Certificate Pro‚Ä¶"
303,1655212502488330241,2023-05-07 14:06:27+00:00,"RT @RusthumHere: #PawanKalyan Mass Craze Thread üî•

Mass Herolu ante Chala mandhi Gurthostharu.. But Mass Fan Base ante Ustaad @PawanKalyan‚Ä¶"
304,1655212363522658305,2023-05-07 14:05:54+00:00,"RT @TheAnkurTyagi: I received 60%+ in 10th and 12th grade.
I received 71% in B-Tech.
I failed in AIEEE &amp; IIT mains.
I did B-Tech in a Tier‚Ä¶"
305,1655212294144675842,2023-05-07 14:05:37+00:00,"RT @TheAnkurTyagi: I received 60%+ in 10th and 12th grade.
I received 71% in B-Tech.
I failed in AIEEE &amp; IIT mains.
I did B-Tech in a Tier‚Ä¶"
306,1655212290617282563,2023-05-07 14:05:37+00:00,"RT @PIBMumbai: #YuvaSangam is taking place in @iitbombay 

Team Punjab reached Mumbai today morning. They will tour IIT Bombay campus today‚Ä¶"
307,1655212191438745604,2023-05-07 14:05:13+00:00,"RT @AICTE_INDIA: #YuvaSangam (Phase 2): Telangana youth visiting Liquid Nitrogen Plant and i-hub at IIT Roorkee, @iitroorkee Uttarakhand.‚Ä¶"
308,1655211735765368832,2023-05-07 14:03:24+00:00,RT @iitbombay: IIT Bombay is happy to welcome Punjab delegates for Yuva Sangam https://t.co/gKxzhNIrkj
309,1655211703360159750,2023-05-07 14:03:17+00:00,RT @EduMinOfIndia: Experience the true essence of #EkBharatShreshthBharat as NITJ Punjab delegates bring their passion and energy to IIT Bo‚Ä¶
310,1655211382042931210,2023-05-07 14:02:00+00:00,Smart Bihar Hackathon 2023 for Govt. Polytechnic colleges of Bihar conducted by DST Bihar with IIT Patna in collabo‚Ä¶ https://t.co/tWvghEEweL
311,1655211115360714752,2023-05-07 14:00:56+00:00,"RT @TheAnkurTyagi: I received 60%+ in 10th and 12th grade.
I received 71% in B-Tech.
I failed in AIEEE &amp; IIT mains.
I did B-Tech in a Tier‚Ä¶"
312,1655210830752006144,2023-05-07 13:59:49+00:00,"RT @RusthumHere: #PawanKalyan Mass Craze Thread üî•

Mass Herolu ante Chala mandhi Gurthostharu.. But Mass Fan Base ante Ustaad @PawanKalyan‚Ä¶"
313,1655210671976648704,2023-05-07 13:59:11+00:00,"RT @sidin: Netflix is sitting on a goldmine

Indian Batchmaking: IIT entrance
Indian Catchmaking: Cricket
Indian Natchmaking: Choreography‚Ä¶"
314,1655210486806491145,2023-05-07 13:58:27+00:00,"In Salalah, Amb @Amit_Narang visited Dhofar University @ the invitation of Vice Chancellor Prof Amer bin Ali Al-Raw‚Ä¶ https://t.co/s3yXaU4Hns"
315,1655209904628711425,2023-05-07 13:56:08+00:00,"RT @TheAnkurTyagi: I received 60%+ in 10th and 12th grade.
I received 71% in B-Tech.
I failed in AIEEE &amp; IIT mains.
I did B-Tech in a Tier‚Ä¶"
316,1655209860651446273,2023-05-07 13:55:57+00:00,"@entropied2223 Audit of social justice? I didn't get you. 

If you are talking about occupied reservation seats in‚Ä¶ https://t.co/4vA8zCVU2J"
317,1655209681391091712,2023-05-07 13:55:15+00:00,"RT @RusthumHere: #PawanKalyan Mass Craze Thread üî•

Mass Herolu ante Chala mandhi Gurthostharu.. But Mass Fan Base ante Ustaad @PawanKalyan‚Ä¶"
318,1655209501128269824,2023-05-07 13:54:32+00:00,"RT @RusthumHere: #PawanKalyan Mass Craze Thread üî•

Mass Herolu ante Chala mandhi Gurthostharu.. But Mass Fan Base ante Ustaad @PawanKalyan‚Ä¶"
319,1655209442378665985,2023-05-07 13:54:18+00:00,"RT @RusthumHere: #PawanKalyan Mass Craze Thread üî•

Mass Herolu ante Chala mandhi Gurthostharu.. But Mass Fan Base ante Ustaad @PawanKalyan‚Ä¶"
320,1655209432836448259,2023-05-07 13:54:15+00:00,"@TimesNow üòÇüòÇüòÇüòÇ
Ask him, he must have paid Kejriwal's IIT fees also üòÇ"
321,1655209360686219264,2023-05-07 13:53:58+00:00,"@gen_victim @INCIndia Ofcourse Man ......BTW DRDO , ISRO , IIT , IIM all were established before BJP"
322,1655209264590516224,2023-05-07 13:53:35+00:00,@MouliMtk112005 @Mohansaisankar @vallankipitta Do ya happen to know how much he earns solely from his videos?üí• as w‚Ä¶ https://t.co/Qu0yxTWFIn
323,1655208952387473410,2023-05-07 13:52:21+00:00,"RT @TheAnkurTyagi: I received 60%+ in 10th and 12th grade.
I received 71% in B-Tech.
I failed in AIEEE &amp; IIT mains.
I did B-Tech in a Tier‚Ä¶"
324,1655208727492870147,2023-05-07 13:51:27+00:00,"IIT-Gandhinagar researchers develop new range of wearable sensors, ET¬†HealthWorld https://t.co/CdUd13vPsU"
325,1655208710212313089,2023-05-07 13:51:23+00:00,@ZakugaMignon Thank you for this... My biggest struggle in how long digital art is taking me (compared to tradition‚Ä¶ https://t.co/MLKOJynOmE
326,1655208654923243522,2023-05-07 13:51:10+00:00,"RT @sidin: Netflix is sitting on a goldmine

Indian Batchmaking: IIT entrance
Indian Catchmaking: Cricket
Indian Natchmaking: Choreography‚Ä¶"
327,1655208330837770241,2023-05-07 13:49:53+00:00,RT @against_fee_hik: Peace vigil was organised by students of North East collective and SC/ST Cell at IIT Delhi demanding peace in Manipur.‚Ä¶
328,1655208269332508675,2023-05-07 13:49:38+00:00,RT @malpani: It's sad that so many bright students fail to get admission into IIT simply because they lack English proficiency or test-taki‚Ä¶
329,1655207758076198913,2023-05-07 13:47:36+00:00,"RT @TheAnkurTyagi: I received 60%+ in 10th and 12th grade.
I received 71% in B-Tech.
I failed in AIEEE &amp; IIT mains.
I did B-Tech in a Tier‚Ä¶"
330,1655207533961953281,2023-05-07 13:46:43+00:00,"RT @TheAnkurTyagi: I received 60%+ in 10th and 12th grade.
I received 71% in B-Tech.
I failed in AIEEE &amp; IIT mains.
I did B-Tech in a Tier‚Ä¶"
331,1655206782191665152,2023-05-07 13:43:43+00:00,"RT @TheAnkurTyagi: I received 60%+ in 10th and 12th grade.
I received 71% in B-Tech.
I failed in AIEEE &amp; IIT mains.
I did B-Tech in a Tier‚Ä¶"
332,1655206247917047811,2023-05-07 13:41:36+00:00,"RT @TheAnkurTyagi: I received 60%+ in 10th and 12th grade.
I received 71% in B-Tech.
I failed in AIEEE &amp; IIT mains.
I did B-Tech in a Tier‚Ä¶"
333,1655205883704401920,2023-05-07 13:40:09+00:00,"RT @TheAnkurTyagi: I received 60%+ in 10th and 12th grade.
I received 71% in B-Tech.
I failed in AIEEE &amp; IIT mains.
I did B-Tech in a Tier‚Ä¶"
334,1655205390890541058,2023-05-07 13:38:12+00:00,"RT @TheAnkurTyagi: I received 60%+ in 10th and 12th grade.
I received 71% in B-Tech.
I failed in AIEEE &amp; IIT mains.
I did B-Tech in a Tier‚Ä¶"
335,1655205360255246343,2023-05-07 13:38:04+00:00,"RT @TheAnkurTyagi: I received 60%+ in 10th and 12th grade.
I received 71% in B-Tech.
I failed in AIEEE &amp; IIT mains.
I did B-Tech in a Tier‚Ä¶"
336,1655205196866396160,2023-05-07 13:37:25+00:00,"RT @TheAnkurTyagi: I received 60%+ in 10th and 12th grade.
I received 71% in B-Tech.
I failed in AIEEE &amp; IIT mains.
I did B-Tech in a Tier‚Ä¶"
337,1655204250803388417,2023-05-07 13:33:40+00:00,"RT @TheAnkurTyagi: I received 60%+ in 10th and 12th grade.
I received 71% in B-Tech.
I failed in AIEEE &amp; IIT mains.
I did B-Tech in a Tier‚Ä¶"
338,1655203975850000384,2023-05-07 13:32:34+00:00,"RT @TheAnkurTyagi: I received 60%+ in 10th and 12th grade.
I received 71% in B-Tech.
I failed in AIEEE &amp; IIT mains.
I did B-Tech in a Tier‚Ä¶"
339,1655203806404280322,2023-05-07 13:31:54+00:00,"RT @sidin: Netflix is sitting on a goldmine

Indian Batchmaking: IIT entrance
Indian Catchmaking: Cricket
Indian Natchmaking: Choreography‚Ä¶"
340,1655203208619524098,2023-05-07 13:29:31+00:00,"RT @sidin: Netflix is sitting on a goldmine

Indian Batchmaking: IIT entrance
Indian Catchmaking: Cricket
Indian Natchmaking: Choreography‚Ä¶"
341,1655203100494364673,2023-05-07 13:29:06+00:00,"Netflix is sitting on a goldmine

Indian Batchmaking: IIT entrance
Indian Catchmaking: Cricket
Indian Natchmaking:‚Ä¶ https://t.co/gKsLcsQTYQ"
342,1655203025160380418,2023-05-07 13:28:48+00:00,"A.I. is anything, but violent! IIt* threads lovingly! ‚ù§Ô∏è"
343,1655202473722753024,2023-05-07 13:26:36+00:00,"RT @TheAnkurTyagi: I received 60%+ in 10th and 12th grade.
I received 71% in B-Tech.
I failed in AIEEE &amp; IIT mains.
I did B-Tech in a Tier‚Ä¶"
344,1655202370014572546,2023-05-07 13:26:11+00:00,"RT @TheAnkurTyagi: I received 60%+ in 10th and 12th grade.
I received 71% in B-Tech.
I failed in AIEEE &amp; IIT mains.
I did B-Tech in a Tier‚Ä¶"
345,1655202289840435201,2023-05-07 13:25:52+00:00,"RT @TheAnkurTyagi: I received 60%+ in 10th and 12th grade.
I received 71% in B-Tech.
I failed in AIEEE &amp; IIT mains.
I did B-Tech in a Tier‚Ä¶"
346,1655202142721052673,2023-05-07 13:25:17+00:00,"RT @Indian10000000: When M0di paid a surprise visit to an IIT Kanpur block during a class, it was ""fun casual interaction""

But when @Rahul‚Ä¶"
347,1655201941620768768,2023-05-07 13:24:29+00:00,"RT @TheAnkurTyagi: I received 60%+ in 10th and 12th grade.
I received 71% in B-Tech.
I failed in AIEEE &amp; IIT mains.
I did B-Tech in a Tier‚Ä¶"
348,1655201547217940482,2023-05-07 13:22:55+00:00,@Ahsan_Saleem786 @iamhasnat666 @OSINT_Insider India made IIT too
349,1655201447599013888,2023-05-07 13:22:31+00:00,"RT @TheAnkurTyagi: I received 60%+ in 10th and 12th grade.
I received 71% in B-Tech.
I failed in AIEEE &amp; IIT mains.
I did B-Tech in a Tier‚Ä¶"
350,1655201293131223041,2023-05-07 13:21:55+00:00,"RT @TheAnkurTyagi: I received 60%+ in 10th and 12th grade.
I received 71% in B-Tech.
I failed in AIEEE &amp; IIT mains.
I did B-Tech in a Tier‚Ä¶"
351,1655201098280632320,2023-05-07 13:21:08+00:00,@nihilanand @RajanPatadiya1 @kadaipaneeeer Most ?More like negligible students go to IIT
352,1655200907150123010,2023-05-07 13:20:23+00:00,"@DattatreyaKunal i m devasted , betrayed coz of try tors org .

they will destory everything .... army , iit , army‚Ä¶ https://t.co/RspYo0zOiv"
353,1655200781077757953,2023-05-07 13:19:53+00:00,"RT @TheAnkurTyagi: I received 60%+ in 10th and 12th grade.
I received 71% in B-Tech.
I failed in AIEEE &amp; IIT mains.
I did B-Tech in a Tier‚Ä¶"
354,1655200758705569792,2023-05-07 13:19:47+00:00,"RT @pareekhjain: A friend in need is a friend indeed. Monkey assisting deers to feed on tree leaves. This is at the IIT Chennai campus. 

#‚Ä¶"
355,1655200661179604995,2023-05-07 13:19:24+00:00,"@ravigedela_iit @ysathishreddy @KTRBRS Only a fraud can say this without any data. 
This govt not only protected po‚Ä¶ https://t.co/Oe50PG3PS0"
356,1655200628757630977,2023-05-07 13:19:16+00:00,"RT @divyamittal_IAS: My mother raised 3 kids- all 3 went to IIT, then IIM &amp; doing well in their lives. 
Based on my own childhood and journ‚Ä¶"
357,1655199799963168769,2023-05-07 13:15:59+00:00,"RT @TheAnkurTyagi: I received 60%+ in 10th and 12th grade.
I received 71% in B-Tech.
I failed in AIEEE &amp; IIT mains.
I did B-Tech in a Tier‚Ä¶"
358,1655199633415733248,2023-05-07 13:15:19+00:00,"RT @aipangirl: Art Exhibition in IIT Kanpur üåº
Vlog ‚ù§Ô∏èüëá
https://t.co/Z4KB1zzZUa https://t.co/qGHAeHqPSf"
359,1655199019755515904,2023-05-07 13:12:53+00:00,"RT @TheAnkurTyagi: I received 60%+ in 10th and 12th grade.
I received 71% in B-Tech.
I failed in AIEEE &amp; IIT mains.
I did B-Tech in a Tier‚Ä¶"
360,1655198935294648321,2023-05-07 13:12:32+00:00,"RT @careers360: ‚ÄòOnly privilege was an internet connection‚Äô: SC, ST, OBC, EWS students cracking IIT JEE without coaching
https://t.co/4HP6n‚Ä¶"
361,1655198730579251200,2023-05-07 13:11:44+00:00,"RT @TheAnkurTyagi: I received 60%+ in 10th and 12th grade.
I received 71% in B-Tech.
I failed in AIEEE &amp; IIT mains.
I did B-Tech in a Tier‚Ä¶"
362,1655198470662426630,2023-05-07 13:10:42+00:00,"RT @TheAnkurTyagi: I received 60%+ in 10th and 12th grade.
I received 71% in B-Tech.
I failed in AIEEE &amp; IIT mains.
I did B-Tech in a Tier‚Ä¶"
363,1655197726366367749,2023-05-07 13:07:44+00:00,"RT @TheAnkurTyagi: I received 60%+ in 10th and 12th grade.
I received 71% in B-Tech.
I failed in AIEEE &amp; IIT mains.
I did B-Tech in a Tier‚Ä¶"
364,1655197395570032648,2023-05-07 13:06:25+00:00,RT @malpani: It's sad that so many bright students fail to get admission into IIT simply because they lack English proficiency or test-taki‚Ä¶
365,1655196765229051904,2023-05-07 13:03:55+00:00,RT @SamirKu17462383: We shortlisted for yuva sangam program under the aegis of EK Bharat shreshtha Bharat that is traveling from iit Pata t‚Ä¶
366,1655196570458132481,2023-05-07 13:03:09+00:00,RT @ie_mumbai: #IIT student Arman Khatri granted bail by special court. He was arrested on April 9 for alleged abetment of suicide of fello‚Ä¶
367,1655196373745127426,2023-05-07 13:02:22+00:00,coordination with the Nodal Institute of Odisha IIT Bhubaneswar. The idea of Ek Bharat Shreshtha Bharat was concept‚Ä¶ https://t.co/OAJvekA4Wk
368,1655196282812506114,2023-05-07 13:02:00+00:00,@TheAnkurTyagi This is really inspiring for everyone who thinks IIT is the only option
369,1655195969041092610,2023-05-07 13:00:45+00:00,@div_nath @meer_xuenain imagine scenes when iit guwahati coming out with the hardest paper mankind has ever seen
370,1655195760487456769,2023-05-07 12:59:56+00:00,üòÇüòÇwhy do most scamgressi trads make fake IIT educational claims. https://t.co/2zAW1BGxDV
371,1655195201118572545,2023-05-07 12:57:42+00:00,"RT @TheAnkurTyagi: I received 60%+ in 10th and 12th grade.
I received 71% in B-Tech.
I failed in AIEEE &amp; IIT mains.
I did B-Tech in a Tier‚Ä¶"
372,1655194463814262789,2023-05-07 12:54:46+00:00,"RT @TheAnkurTyagi: I received 60%+ in 10th and 12th grade.
I received 71% in B-Tech.
I failed in AIEEE &amp; IIT mains.
I did B-Tech in a Tier‚Ä¶"
373,1655194174524907520,2023-05-07 12:53:37+00:00,"RT @TheAnkurTyagi: I received 60%+ in 10th and 12th grade.
I received 71% in B-Tech.
I failed in AIEEE &amp; IIT mains.
I did B-Tech in a Tier‚Ä¶"
374,1655194013610442753,2023-05-07 12:52:59+00:00,"RT @AbhishekKu69534: @narendramodi Indian prime minister please remove 75 percent criteria for getting admission in IIT,NIT,GFTI , IIIT ."
375,1655193734747942914,2023-05-07 12:51:53+00:00,"RT @Techfest_IITB: Get ready to be lost in #space as we separate fact from fiction in the mind-bending sci-fi epic, #Interstellar!

Buckle‚Ä¶"
376,1655193676061241345,2023-05-07 12:51:39+00:00,"RT @Techfest_IITB: Get ready to be lost in #space as we separate fact from fiction in the mind-bending sci-fi epic, #Interstellar!

Buckle‚Ä¶"
377,1655193603990503425,2023-05-07 12:51:21+00:00,"RT @Techfest_IITB: Get ready to be lost in #space as we separate fact from fiction in the mind-bending sci-fi epic, #Interstellar!

Buckle‚Ä¶"
378,1655193137806180353,2023-05-07 12:49:30+00:00,"RT @Techfest_IITB: Get ready to be lost in #space as we separate fact from fiction in the mind-bending sci-fi epic, #Interstellar!

Buckle‚Ä¶"
379,1655193070047215617,2023-05-07 12:49:14+00:00,"RT @TheAnkurTyagi: I received 60%+ in 10th and 12th grade.
I received 71% in B-Tech.
I failed in AIEEE &amp; IIT mains.
I did B-Tech in a Tier‚Ä¶"
380,1655193014837428224,2023-05-07 12:49:01+00:00,@pawanyadav8 @narendramodi @INCIndia Refer fact data from 2014 how many IIT AIIMS and airport made . How many new r‚Ä¶ https://t.co/ehk3zyUQVs
381,1655192818787422210,2023-05-07 12:48:14+00:00,RT @malpani: It's sad that so many bright students fail to get admission into IIT simply because they lack English proficiency or test-taki‚Ä¶
382,1655192818678374400,2023-05-07 12:48:14+00:00,"RT @TheAnkurTyagi: I received 60%+ in 10th and 12th grade.
I received 71% in B-Tech.
I failed in AIEEE &amp; IIT mains.
I did B-Tech in a Tier‚Ä¶"
383,1655192660024410112,2023-05-07 12:47:36+00:00,"RT @Techfest_IITB: Get ready to be lost in #space as we separate fact from fiction in the mind-bending sci-fi epic, #Interstellar!

Buckle‚Ä¶"
384,1655192632430063618,2023-05-07 12:47:30+00:00,"RT @Techfest_IITB: Get ready to be lost in #space as we separate fact from fiction in the mind-bending sci-fi epic, #Interstellar!

Buckle‚Ä¶"
385,1655192558237270020,2023-05-07 12:47:12+00:00,"RT @TheAnkurTyagi: I received 60%+ in 10th and 12th grade.
I received 71% in B-Tech.
I failed in AIEEE &amp; IIT mains.
I did B-Tech in a Tier‚Ä¶"
386,1655192421893021696,2023-05-07 12:46:40+00:00,@inthe_cIouds IIT FLEW ACROSS THE ROOM PLEASE HELP ME I ONLY HAVE A SLIPPER WHAT DO I DO
387,1655192252166344704,2023-05-07 12:45:59+00:00,"RT @Techfest_IITB: Get ready to be lost in #space as we separate fact from fiction in the mind-bending sci-fi epic, #Interstellar!

Buckle‚Ä¶"
388,1655192159983910912,2023-05-07 12:45:37+00:00,@mxtaverse I gave jee and got admission in IIT Delhi
389,1655192092258316290,2023-05-07 12:45:21+00:00,"RT @Techfest_IITB: Get ready to be lost in #space as we separate fact from fiction in the mind-bending sci-fi epic, #Interstellar!

Buckle‚Ä¶"
390,1655191938184941569,2023-05-07 12:44:44+00:00,"RT @TheAnkurTyagi: I received 60%+ in 10th and 12th grade.
I received 71% in B-Tech.
I failed in AIEEE &amp; IIT mains.
I did B-Tech in a Tier‚Ä¶"
391,1655191922678599682,2023-05-07 12:44:41+00:00,"RT @Techfest_IITB: Get ready to be lost in #space as we separate fact from fiction in the mind-bending sci-fi epic, #Interstellar!

Buckle‚Ä¶"
392,1655191886485946371,2023-05-07 12:44:32+00:00,"RT @pawanyadav8: @narendramodi @INCIndia was taking 85% commission still they made so many PSU, IIT,IIM, AIIMS, roads, Airports, Railways,‚Ä¶"
393,1655191664477245440,2023-05-07 12:43:39+00:00,RT @RahulDevRising: Hello! Canada diaries ... catching the sunshine ... #pod #selfie https://t.co/bDtjTnfiXe
394,1655190590848659456,2023-05-07 12:39:23+00:00,"RT @TheAnkurTyagi: I received 60%+ in 10th and 12th grade.
I received 71% in B-Tech.
I failed in AIEEE &amp; IIT mains.
I did B-Tech in a Tier‚Ä¶"
395,1655190297876520962,2023-05-07 12:38:13+00:00,"#IIT Bombay hosts students from Punjab; set to visit these landmarks in Mumbai

#Students  #YuvaSangam‚Ä¶ https://t.co/G18EFPNE7s"
396,1655190273566326784,2023-05-07 12:38:07+00:00,"Down Vs Carlow Live Stream Online

STREAM LINK - https://t.co/dAsiAfP9lI

Connacht GAA Football Joe McDonagh Cup 20‚Ä¶ https://t.co/OZAcqETGl7"
397,1655190266343747585,2023-05-07 12:38:06+00:00,RT @abdulscumsock: indian education system soo crazy u ask a 4 year old what does he wanna do he's gonna tell u i wanna go to iit roorkee a‚Ä¶
398,1655189899946131457,2023-05-07 12:36:38+00:00,"RT @TheAnkurTyagi: I received 60%+ in 10th and 12th grade.
I received 71% in B-Tech.
I failed in AIEEE &amp; IIT mains.
I did B-Tech in a Tier‚Ä¶"
399,1655189829200805888,2023-05-07 12:36:21+00:00,RT @Trendulkar: attitude ü§åüèª https://t.co/Jlwxoj2F4U
400,1655189753778544642,2023-05-07 12:36:03+00:00,"RT @Techfest_IITB: Get ready to be lost in #space as we separate fact from fiction in the mind-bending sci-fi epic, #Interstellar!

Buckle‚Ä¶"
401,1655189506235203584,2023-05-07 12:35:04+00:00,"RT @Techfest_IITB: Get ready to be lost in #space as we separate fact from fiction in the mind-bending sci-fi epic, #Interstellar!

Buckle‚Ä¶"
402,1655189476141076487,2023-05-07 12:34:57+00:00,"RT @TheAnkurTyagi: I received 60%+ in 10th and 12th grade.
I received 71% in B-Tech.
I failed in AIEEE &amp; IIT mains.
I did B-Tech in a Tier‚Ä¶"
403,1655189440250396674,2023-05-07 12:34:49+00:00,"RT @Techfest_IITB: Get ready to be lost in #space as we separate fact from fiction in the mind-bending sci-fi epic, #Interstellar!

Buckle‚Ä¶"
404,1655189226302865411,2023-05-07 12:33:58+00:00,"RT @Techfest_IITB: Get ready to be lost in #space as we separate fact from fiction in the mind-bending sci-fi epic, #Interstellar!

Buckle‚Ä¶"
405,1655189026029072385,2023-05-07 12:33:10+00:00,"RT @pawanyadav8: @narendramodi @INCIndia was taking 85% commission still they made so many PSU, IIT,IIM, AIIMS, roads, Airports, Railways,‚Ä¶"
406,1655188850866798592,2023-05-07 12:32:28+00:00,"RT @Techfest_IITB: Get ready to be lost in #space as we separate fact from fiction in the mind-bending sci-fi epic, #Interstellar!

Buckle‚Ä¶"
407,1655188835242844165,2023-05-07 12:32:24+00:00,"RT @Techfest_IITB: Get ready to be lost in #space as we separate fact from fiction in the mind-bending sci-fi epic, #Interstellar!

Buckle‚Ä¶"
408,1655188762144681987,2023-05-07 12:32:07+00:00,"@abidsensibull And people who write MBA from IIM, engineering from IIT üòú"
409,1655188755861630978,2023-05-07 12:32:05+00:00,"RT @Techfest_IITB: Get ready to be lost in #space as we separate fact from fiction in the mind-bending sci-fi epic, #Interstellar!

Buckle‚Ä¶"
410,1655188693613940742,2023-05-07 12:31:51+00:00,@learning_pt Nope i used to believe this but the education in this country is actually garbage. Maybe they won't cl‚Ä¶ https://t.co/38ypS8k3BH
411,1655188601573867521,2023-05-07 12:31:29+00:00,"Get ready to be lost in #space as we separate fact from fiction in the mind-bending sci-fi epic, #Interstellar!

Bu‚Ä¶ https://t.co/0ZipavM2ro"
412,1655188521551007750,2023-05-07 12:31:10+00:00,"RT @TheAnkurTyagi: I received 60%+ in 10th and 12th grade.
I received 71% in B-Tech.
I failed in AIEEE &amp; IIT mains.
I did B-Tech in a Tier‚Ä¶"
413,1655186951547531264,2023-05-07 12:24:55+00:00,"RT @Veenu55052850: Only privilege was an internet connection‚Äô: SC, ST, OBC, students cracking IIT JEE without coaching https://t.co/9C9MHrR‚Ä¶"
414,1655186889962573824,2023-05-07 12:24:41+00:00,"RT @PIBMumbai: #YuvaSangam is taking place in @iitbombay 

Team Punjab reached Mumbai today morning. They will tour IIT Bombay campus today‚Ä¶"
415,1655185724805890048,2023-05-07 12:20:03+00:00,"RT @TheAnkurTyagi: I received 60%+ in 10th and 12th grade.
I received 71% in B-Tech.
I failed in AIEEE &amp; IIT mains.
I did B-Tech in a Tier‚Ä¶"
416,1655185379979558914,2023-05-07 12:18:41+00:00,"@narendramodi How many of those universities, medical colleges &amp; oth educational institutions that the Hon'ble‚Ä¶ https://t.co/Zp6dObzH6J"
417,1655185265097592834,2023-05-07 12:18:13+00:00,"RT @TheAnkurTyagi: I received 60%+ in 10th and 12th grade.
I received 71% in B-Tech.
I failed in AIEEE &amp; IIT mains.
I did B-Tech in a Tier‚Ä¶"
418,1655184456716795906,2023-05-07 12:15:00+00:00,"RT @AbhishekKu69534: @narendramodi Indian prime minister please remove 75 percent criteria for getting admission in IIT,NIT,GFTI , IIIT ."
419,1655183708163391488,2023-05-07 12:12:02+00:00,"RT @TheAnkurTyagi: I received 60%+ in 10th and 12th grade.
I received 71% in B-Tech.
I failed in AIEEE &amp; IIT mains.
I did B-Tech in a Tier‚Ä¶"
420,1655182697784852480,2023-05-07 12:08:01+00:00,"RT @TheAnkurTyagi: I received 60%+ in 10th and 12th grade.
I received 71% in B-Tech.
I failed in AIEEE &amp; IIT mains.
I did B-Tech in a Tier‚Ä¶"
421,1655182212881584128,2023-05-07 12:06:06+00:00,"RT @simplilearn: Upskill with in-demand Blockchain skills &amp; tools in the #1 Bootcamp without quitting jobs.

‚Ä¢ Professional Certificate Pro‚Ä¶"
422,1655182014079746048,2023-05-07 12:05:18+00:00,"RT @TheAnkurTyagi: I received 60%+ in 10th and 12th grade.
I received 71% in B-Tech.
I failed in AIEEE &amp; IIT mains.
I did B-Tech in a Tier‚Ä¶"
423,1655181949323948033,2023-05-07 12:05:03+00:00,"RT @Indian_Rivers: -Of the 72 Million Cubic Meters (MCM) of sewage currently generated in urban centers in India every day, 45 MCM aren't t‚Ä¶"
424,1655181578258239493,2023-05-07 12:03:34+00:00,RT @against_fee_hik: Peace vigil was organised by students of North East collective and SC/ST Cell at IIT Delhi demanding peace in Manipur.‚Ä¶
425,1655180769571262464,2023-05-07 12:00:21+00:00,"RT @UNBiodiversity: #Indigenous people protect 80% of global #biodiversity.üåéBut they're in danger. 

We must protect indigenous people's ri‚Ä¶"
426,1655179885953060864,2023-05-07 11:56:51+00:00,"@narendramodi @INCIndia was taking 85% commission still they made so many PSU, IIT,IIM, AIIMS, roads, Airports, Rai‚Ä¶ https://t.co/lXmhXnTiEo"
427,1655179160355246128,2023-05-07 11:53:58+00:00,"RT @Indian10000000: When M0di paid a surprise visit to an IIT Kanpur block during a class, it was ""fun casual interaction""

But when @Rahul‚Ä¶"
428,1655178990506905600,2023-05-07 11:53:17+00:00,"RT @ChitrapatP: Wishing a very Happy Birthday to #Vindu_Dara_Singh üéâüéÇ. 

Vindu Dara Singh is an Indian film and television actor. He is the‚Ä¶"
429,1655178958072352768,2023-05-07 11:53:09+00:00,"RT @balltampererr: Kris Srikkanth - Dinesh Karthik is not a Wicket Keeper he is a Goal keeper, He leaves every ball in between his legs.

(‚Ä¶"
430,1655178868742066176,2023-05-07 11:52:48+00:00,"RT @Veenu55052850: Only privilege was an internet connection‚Äô: SC, ST, OBC, students cracking IIT JEE without coaching https://t.co/9C9MHrR‚Ä¶"
431,1655178764626857985,2023-05-07 11:52:23+00:00,RT @IrfanPathan: Why Swapnil singh only bowled one over? He looked the best of the bowler today for LSG.
432,1655178694489681925,2023-05-07 11:52:07+00:00,RT @Trendulkar: Rohit Sharma will make a comeback by scoring a casual 200 in an ODI soon.
433,1655178650570899456,2023-05-07 11:51:56+00:00,"@abidsensibull Those scammers don't even hesitate using words IAS, IIT and IIM in their name or bio"
434,1655178643893780481,2023-05-07 11:51:55+00:00,RT @SupriyaShrinate: This picture has my whole heart ‚ù§Ô∏è ü§ó https://t.co/umLzHQjGYv
435,1655178474712354818,2023-05-07 11:51:14+00:00,"RT @simplilearn: Upskill with in-demand Blockchain skills &amp; tools in the #1 Bootcamp without quitting jobs.

‚Ä¢ Professional Certificate Pro‚Ä¶"
436,1655178108197298176,2023-05-07 11:49:47+00:00,RT @SShabbarZaidi: My main point for Ajay Banga is the quality of Indian education. Their IIM and IIT are comparative to best universities‚Ä¶
437,1655177827195695110,2023-05-07 11:48:40+00:00,"RT @Veenu55052850: Only privilege was an internet connection‚Äô: SC, ST, OBC, students cracking IIT JEE without coaching https://t.co/9C9MHrR‚Ä¶"
438,1655177749747896321,2023-05-07 11:48:21+00:00,"RT @TheAnkurTyagi: I received 60%+ in 10th and 12th grade.
I received 71% in B-Tech.
I failed in AIEEE &amp; IIT mains.
I did B-Tech in a Tier‚Ä¶"
439,1655177492523634688,2023-05-07 11:47:20+00:00,"RT @TheAnkurTyagi: I received 60%+ in 10th and 12th grade.
I received 71% in B-Tech.
I failed in AIEEE &amp; IIT mains.
I did B-Tech in a Tier‚Ä¶"
440,1655176925906886656,2023-05-07 11:45:05+00:00,"RT @NobelPrize: ""I slept and dreamt that life was joy. I awoke and saw that life was service. I acted and behold, service was joy."" 

Liter‚Ä¶"
441,1655176849352441859,2023-05-07 11:44:47+00:00,"RT @TheAnkurTyagi: I received 60%+ in 10th and 12th grade.
I received 71% in B-Tech.
I failed in AIEEE &amp; IIT mains.
I did B-Tech in a Tier‚Ä¶"
442,1655176838967177223,2023-05-07 11:44:44+00:00,"IIT Bombay student Arman Khatri, accused of abetting the suicide of Darshan Solanki, was granted bail by a special‚Ä¶ https://t.co/7RbyDZzvsI"
443,1655176728862658561,2023-05-07 11:44:18+00:00,"RT @RusthumHere: #PawanKalyan Mass Craze Thread üî•

Mass Herolu ante Chala mandhi Gurthostharu.. But Mass Fan Base ante Ustaad @PawanKalyan‚Ä¶"
444,1655176615889080321,2023-05-07 11:43:51+00:00,Made several calls to ur shadowfax local manager to return product but they looted my returns now hiding behind pol‚Ä¶ https://t.co/Pjv1G0TUL7
445,1655176504568078341,2023-05-07 11:43:25+00:00,"RT @TheAnkurTyagi: I received 60%+ in 10th and 12th grade.
I received 71% in B-Tech.
I failed in AIEEE &amp; IIT mains.
I did B-Tech in a Tier‚Ä¶"
446,1655176236405248002,2023-05-07 11:42:21+00:00,"RT @Veenu55052850: Only privilege was an internet connection‚Äô: SC, ST, OBC, students cracking IIT JEE without coaching https://t.co/9C9MHrR‚Ä¶"
447,1655175683675500545,2023-05-07 11:40:09+00:00,RT @against_fee_hik: Peace vigil was organised by students of North East collective and SC/ST Cell at IIT Delhi demanding peace in Manipur.‚Ä¶
448,1655175514133504002,2023-05-07 11:39:28+00:00,"RT @TheAnkurTyagi: I received 60%+ in 10th and 12th grade.
I received 71% in B-Tech.
I failed in AIEEE &amp; IIT mains.
I did B-Tech in a Tier‚Ä¶"
449,1655175508404113412,2023-05-07 11:39:27+00:00,"RT @Veenu55052850: Only privilege was an internet connection‚Äô: SC, ST, OBC, students cracking IIT JEE without coaching https://t.co/9C9MHrR‚Ä¶"
450,1655174712970866689,2023-05-07 11:36:17+00:00,IIT Jammu Recruitment 2023 For Non-Teaching Posts: New Jobs https://t.co/96rqEUJwfZ
451,1655174704993382400,2023-05-07 11:36:15+00:00,"RT @Veenu55052850: Only privilege was an internet connection‚Äô: SC, ST, OBC, students cracking IIT JEE without coaching https://t.co/9C9MHrR‚Ä¶"
452,1655174551654002694,2023-05-07 11:35:39+00:00,"RT @iMicrocap: @JayneshKasliwal Can go for NISM's 2-year MBA. The fee is less, and it's recognised. Also, no need to pause trading."
453,1655174003890475008,2023-05-07 11:33:28+00:00,"RT @TheAnkurTyagi: I received 60%+ in 10th and 12th grade.
I received 71% in B-Tech.
I failed in AIEEE &amp; IIT mains.
I did B-Tech in a Tier‚Ä¶"
454,1655173973448216576,2023-05-07 11:33:21+00:00,"RT @akku_modi: If you do it right,

Trading is the best business in the world.

But 99% of people don't know how to become a successful tra‚Ä¶"
455,1655173591573626880,2023-05-07 11:31:50+00:00,"RT @Manik_M_Jolly: Firstly, that‚Äôs not an airport, it‚Äôs an airstrip. Basics to theek kar lo, you‚Äôre an IIT graduate after all !
Secondly, N‚Ä¶"
456,1655172781619699712,2023-05-07 11:28:37+00:00,"MEDHA 2023 Medical Device Hackathon in collaboration with BETIC, IIT Bombay Stage I commences at Lovely Professiona‚Ä¶ https://t.co/Sl6R5byrT5"
457,1655172697146675203,2023-05-07 11:28:17+00:00,"RT @TheAnkurTyagi: I received 60%+ in 10th and 12th grade.
I received 71% in B-Tech.
I failed in AIEEE &amp; IIT mains.
I did B-Tech in a Tier‚Ä¶"
458,1655172662082117632,2023-05-07 11:28:08+00:00,"RT @TheAnkurTyagi: I received 60%+ in 10th and 12th grade.
I received 71% in B-Tech.
I failed in AIEEE &amp; IIT mains.
I did B-Tech in a Tier‚Ä¶"
459,1655172600518041602,2023-05-07 11:27:54+00:00,"RT @RPrasad12: Forget a roadshow in Chennai, Modi didn't dare to travel by road from the airport to IIT Madras a few years ago. He opted fo‚Ä¶"
460,1655172467294605312,2023-05-07 11:27:22+00:00,"RT @PIBMumbai: #YuvaSangam is taking place in @iitbombay 

Team Punjab reached Mumbai today morning. They will tour IIT Bombay campus today‚Ä¶"
461,1655172189769826305,2023-05-07 11:26:16+00:00,"RT @virendra_m87315: What .50 matter or not
74.80%=75%
74.40%=74%
 #JEEMains #JEE #iitmadras #iit 
@Allen_Brajesh @ALLENkota @DG_NTA @NVSir‚Ä¶"
462,1655171715159433219,2023-05-07 11:24:23+00:00,"RT @TheAnkurTyagi: I received 60%+ in 10th and 12th grade.
I received 71% in B-Tech.
I failed in AIEEE &amp; IIT mains.
I did B-Tech in a Tier‚Ä¶"
463,1655171704644317185,2023-05-07 11:24:20+00:00,"RT @TheAnkurTyagi: I received 60%+ in 10th and 12th grade.
I received 71% in B-Tech.
I failed in AIEEE &amp; IIT mains.
I did B-Tech in a Tier‚Ä¶"
464,1655171630426112000,2023-05-07 11:24:02+00:00,@Tim_Clif Patna lol...look bit lyk iit g at first glance
465,1655171630329470979,2023-05-07 11:24:02+00:00,"@GRITCULT yoo legit tho, i thought the exact shit before i even read iit"
466,1655171311147294720,2023-05-07 11:22:46+00:00,RT @iitbombay: IIT Bombay is happy to welcome Punjab delegates for Yuva Sangam https://t.co/gKxzhNIrkj
467,1655171280432246789,2023-05-07 11:22:39+00:00,@Jobbsgps thats a IIIT and not an IIT
468,1655171048768192513,2023-05-07 11:21:44+00:00,RT @malpani: It's sad that so many bright students fail to get admission into IIT simply because they lack English proficiency or test-taki‚Ä¶
469,1655169696314847232,2023-05-07 11:16:21+00:00,@hydroxyvibe Factssss!! I just wanna watch it at the moviessss the day iit releases
470,1655169599548309506,2023-05-07 11:15:58+00:00,"RT @TheAnkurTyagi: I received 60%+ in 10th and 12th grade.
I received 71% in B-Tech.
I failed in AIEEE &amp; IIT mains.
I did B-Tech in a Tier‚Ä¶"
471,1655169549531004930,2023-05-07 11:15:46+00:00,"HCF and LCM of Decimals | Maths NCERT &amp; R. S. Aggarwal CBSE/ ICSE Students for JEE/IIT Foundations
https://t.co/PNig3OSOM0"
472,1655169378898567170,2023-05-07 11:15:06+00:00,"RT @TheAnkurTyagi: I received 60%+ in 10th and 12th grade.
I received 71% in B-Tech.
I failed in AIEEE &amp; IIT mains.
I did B-Tech in a Tier‚Ä¶"
473,1655169086173904896,2023-05-07 11:13:56+00:00,"Forget a roadshow in Chennai, Modi didn't dare to travel by road from the airport to IIT Madras a few years ago. He‚Ä¶ https://t.co/zYVC7DbPiE"
474,1655169085779615744,2023-05-07 11:13:56+00:00,"RT @Indian10000000: When M0di paid a surprise visit to an IIT Kanpur block during a class, it was ""fun casual interaction""

But when @Rahul‚Ä¶"
475,1655168661102141441,2023-05-07 11:12:15+00:00,"RT @TheAnkurTyagi: I received 60%+ in 10th and 12th grade.
I received 71% in B-Tech.
I failed in AIEEE &amp; IIT mains.
I did B-Tech in a Tier‚Ä¶"
476,1655168588075143169,2023-05-07 11:11:57+00:00,"RT @PIBMumbai: #YuvaSangam is taking place in @iitbombay 

Team Punjab reached Mumbai today morning. They will tour IIT Bombay campus today‚Ä¶"
477,1655168041691357189,2023-05-07 11:09:47+00:00,RT @iitbombay: IIT Bombay is happy to welcome Punjab delegates for Yuva Sangam https://t.co/gKxzhNIrkj
478,1655167824950865920,2023-05-07 11:08:55+00:00,RT @EduMinOfIndia: Experience the true essence of #EkBharatShreshthBharat as NITJ Punjab delegates bring their passion and energy to IIT Bo‚Ä¶
479,1655166895505674245,2023-05-07 11:05:14+00:00,RT @rupesh484: This beautiful scene is from IIT Madras campus üòÅ‚ú®
480,1655166799271563269,2023-05-07 11:04:51+00:00,Flying to Indore to discuss partnership with IIT Indore. Thanks to Manish Kumar @airvistara for making check-in so smooth!
481,1655166507763249152,2023-05-07 11:03:41+00:00,A great note on Chinchila trap. https://t.co/ga8BeSAVSz
482,1655166298874335232,2023-05-07 11:02:51+00:00,"#YuvaSangam is taking place in @iitbombay 

Team Punjab reached Mumbai today morning. They will tour IIT Bombay cam‚Ä¶ https://t.co/HUQ2j8DpO8"
483,1655166126463254530,2023-05-07 11:02:10+00:00,RT @karpathy: Oops haven't tweeted too much recently; I'm mostly watching with interest the open source LLM ecosystem experiencing early si‚Ä¶
484,1655166022868164608,2023-05-07 11:01:46+00:00,"RT @TheAnkurTyagi: I received 60%+ in 10th and 12th grade.
I received 71% in B-Tech.
I failed in AIEEE &amp; IIT mains.
I did B-Tech in a Tier‚Ä¶"
485,1655165476543004673,2023-05-07 10:59:35+00:00,coordination with the Nodal Institute of Odisha IIT Bhubaneswar. The idea of Ek Bharat Shreshtha Bharat was concept‚Ä¶ https://t.co/eDMF3BH3S7
486,1655165306564747265,2023-05-07 10:58:55+00:00,IIT Jammu Recruitment 2023 For Non-Teaching Posts: New¬†Jobs https://t.co/YK1v5yck7V
487,1655164755617931264,2023-05-07 10:56:43+00:00,"Indian education system &amp; job opportunities.

1) IIT - JEE = 2.2 M students fight for 16,000 seats!

2) UPSC = 1.1‚Ä¶ https://t.co/EWjry9aBRx"
488,1655164648604463105,2023-05-07 10:56:18+00:00,"Looks like @ylecun is not impressed with current wave of prompt-based AI experts.
#NLProc #AI #LLMs https://t.co/hlAys1lvQE"
489,1655164479137787904,2023-05-07 10:55:37+00:00,RT @iitbombay: IIT Bombay is happy to welcome Punjab delegates for Yuva Sangam https://t.co/gKxzhNIrkj
490,1655164248207548417,2023-05-07 10:54:42+00:00,"Happy to share a healthcare startup, Ferticare, that is building a network of clinics in the fertility care space.‚Ä¶ https://t.co/tA0VzvwnUm"
491,1655163995719098369,2023-05-07 10:53:42+00:00,"RT @mufaddal_vohra: Virender Sehwag's sons with Virat Kohli.

A lovely picture! https://t.co/CKHpP2V8FG"
492,1655163901896474624,2023-05-07 10:53:20+00:00,RT @Usami_Mao: @HadocaTV you did iit https://t.co/oFpZ3WJjEK
493,1655163664390049792,2023-05-07 10:52:23+00:00,"RT @MrBeast: We helped 1,000 deaf people hear again! Go watch :D"
494,1655163140152365056,2023-05-07 10:50:18+00:00,"RT @ArvindKejriwal: Now even Court has said that there is no material evidence of any kickback or money laundering. 

We have been saying r‚Ä¶"
495,1655162006843068416,2023-05-07 10:45:48+00:00,"RT @TheAnkurTyagi: I received 60%+ in 10th and 12th grade.
I received 71% in B-Tech.
I failed in AIEEE &amp; IIT mains.
I did B-Tech in a Tier‚Ä¶"
496,1655161562733379584,2023-05-07 10:44:02+00:00,"RT @TheAnkurTyagi: I received 60%+ in 10th and 12th grade.
I received 71% in B-Tech.
I failed in AIEEE &amp; IIT mains.
I did B-Tech in a Tier‚Ä¶"
497,1655161401038770181,2023-05-07 10:43:24+00:00,@NeroWorking @vinayaravind Sir tell him to forget that muttu santhu of IIT Madras. Then let him think about road show in Chennai
498,1655161240296226816,2023-05-07 10:42:45+00:00,"RT @TheAnkurTyagi: I received 60%+ in 10th and 12th grade.
I received 71% in B-Tech.
I failed in AIEEE &amp; IIT mains.
I did B-Tech in a Tier‚Ä¶"
499,1655160713542004736,2023-05-07 10:40:40+00:00,"RT @TheAnkurTyagi: I received 60%+ in 10th and 12th grade.
I received 71% in B-Tech.
I failed in AIEEE &amp; IIT mains.
I did B-Tech in a Tier‚Ä¶"
